BEGIN TRANSACTION;
CREATE TABLE archive_day_windchill (dateTime INTEGER NOT NULL UNIQUE PRIMARY KEY, min REAL, mintime INTEGER, max REAL, maxtime INTEGER, sum REAL, count INTEGER, wsum REAL, sumtime INTEGER);
INSERT INTO `archive_day_windchill` VALUES (1487116800,30.0000000826328,1487189073,32.6785829702225,1487181509,806.704552804359,26,806.704552804359,26);
INSERT INTO `archive_day_windchill` VALUES (1487203200,30.0000000826328,1487278078,32.6785829702225,1487268232,1089.45538317297,35,1089.45538317297,35);
INSERT INTO `archive_day_windchill` VALUES (1487548800,30.0000000826328,1487597332,33.1841390746932,1487605199,1744.37049627595,56,1744.37049627595,56);
CREATE TABLE archive_day_windSpeed (dateTime INTEGER NOT NULL UNIQUE PRIMARY KEY, min REAL, mintime INTEGER, max REAL, maxtime INTEGER, sum REAL, count INTEGER, wsum REAL, sumtime INTEGER);
INSERT INTO `archive_day_windSpeed` VALUES (1487116800,5.16454790044918e-09,1487181509,0.171608252370365,1487189100,1.38177531555174,26,1.38177531555174,26);
INSERT INTO `archive_day_windSpeed` VALUES (1487203200,5.16454790044918e-09,1487268232,0.205965874919364,1487278800,1.85620145784616,35,1.85620145784616,35);
INSERT INTO `archive_day_windSpeed` VALUES (1487548800,5.16454790044918e-09,1487588605,0.731701454116552,1487605199,12.3774912840699,56,12.3774912840699,56);
CREATE TABLE archive_day_windGustDir (dateTime INTEGER NOT NULL UNIQUE PRIMARY KEY, min REAL, mintime INTEGER, max REAL, maxtime INTEGER, sum REAL, count INTEGER, wsum REAL, sumtime INTEGER);
INSERT INTO `archive_day_windGustDir` VALUES (1487116800,353.822102914667,1487189100,359.999999814076,1487181509,9307.14987748544,26,9307.14987748544,26);
INSERT INTO `archive_day_windGustDir` VALUES (1487203200,352.585228502903,1487278800,359.999999814076,1487268232,12529.164285768,35,12529.164285768,35);
INSERT INTO `archive_day_windGustDir` VALUES (1487548800,333.658747651804,1487605199,359.999999814076,1487588605,19701.2178591291,56,19701.2178591291,56);
CREATE TABLE archive_day_windGust (dateTime INTEGER NOT NULL UNIQUE PRIMARY KEY, min REAL, mintime INTEGER, max REAL, maxtime INTEGER, sum REAL, count INTEGER, wsum REAL, sumtime INTEGER);
INSERT INTO `archive_day_windGust` VALUES (1487116800,6.19745676999628e-09,1487181509,0.205929902844437,1487189100,1.76167075048535,26,1.76167075048535,26);
INSERT INTO `archive_day_windGust` VALUES (1487203200,6.19745676999628e-09,1487268232,0.247159049903236,1487278800,2.36119047439979,35,2.36119047439979,35);
INSERT INTO `archive_day_windGust` VALUES (1487548800,6.19745676999628e-09,1487588605,0.878041744939861,1487605199,15.2927380290302,56,15.2927380290302,56);
CREATE TABLE archive_day_windDir (dateTime INTEGER NOT NULL UNIQUE PRIMARY KEY, min REAL, mintime INTEGER, max REAL, maxtime INTEGER, sum REAL, count INTEGER, wsum REAL, sumtime INTEGER);
INSERT INTO `archive_day_windDir` VALUES (1487116800,353.822102914667,1487189100,359.999999814076,1487181509,9310.17136015911,26,9310.17136015911,26);
INSERT INTO `archive_day_windDir` VALUES (1487203200,352.585228502903,1487278800,359.999999814076,1487268232,12533.0599311304,35,12533.0599311304,35);
INSERT INTO `archive_day_windDir` VALUES (1487548800,333.658747651804,1487605199,359.999999814076,1487588605,19714.2257330422,56,19714.2257330422,56);
CREATE TABLE archive_day_windBatteryStatus (dateTime INTEGER NOT NULL UNIQUE PRIMARY KEY, min REAL, mintime INTEGER, max REAL, maxtime INTEGER, sum REAL, count INTEGER, wsum REAL, sumtime INTEGER);
INSERT INTO `archive_day_windBatteryStatus` VALUES (1487116800,NULL,NULL,NULL,NULL,0.0,0,0.0,0);
INSERT INTO `archive_day_windBatteryStatus` VALUES (1487203200,NULL,NULL,NULL,NULL,0.0,0,0.0,0);
INSERT INTO `archive_day_windBatteryStatus` VALUES (1487548800,NULL,NULL,NULL,NULL,0.0,0,0.0,0);
CREATE TABLE archive_day_wind (dateTime INTEGER NOT NULL UNIQUE PRIMARY KEY, min REAL, mintime INTEGER, max REAL, maxtime INTEGER, sum REAL, count INTEGER, wsum REAL, sumtime INTEGER, max_dir REAL, xsum REAL, ysum REAL, dirsumtime INTEGER, squaresum REAL, wsquaresum REAL);
INSERT INTO `archive_day_wind` VALUES (1487116800,5.16454790044918e-09,1487181509,0.205929902844437,1487189100,1.38177531555174,26,1.38177531555174,26,353.822102914667,-0.0894160162373302,1.37833009116433,26,0.142327669070568,0.142327669070568);
INSERT INTO `archive_day_wind` VALUES (1487203200,5.16454790044918e-09,1487268232,0.247159049903236,1487278800,1.85620145784616,35,1.85620145784616,35,352.585228502903,-0.141428251130531,1.84966786919029,35,0.225257111167185,0.225257111167185);
INSERT INTO `archive_day_wind` VALUES (1487548800,5.16454790044918e-09,1487588605,0.878041744939861,1487605199,12.3774912840699,56,12.3774912840699,56,333.658747651804,-3.36234064363103,11.8193857104659,56,5.45659533930468,5.45659533930468);
CREATE TABLE archive_day_txBatteryStatus (dateTime INTEGER NOT NULL UNIQUE PRIMARY KEY, min REAL, mintime INTEGER, max REAL, maxtime INTEGER, sum REAL, count INTEGER, wsum REAL, sumtime INTEGER);
INSERT INTO `archive_day_txBatteryStatus` VALUES (1487116800,NULL,NULL,NULL,NULL,0.0,0,0.0,0);
INSERT INTO `archive_day_txBatteryStatus` VALUES (1487203200,NULL,NULL,NULL,NULL,0.0,0,0.0,0);
INSERT INTO `archive_day_txBatteryStatus` VALUES (1487548800,NULL,NULL,NULL,NULL,0.0,0,0.0,0);
CREATE TABLE archive_day_supplyVoltage (dateTime INTEGER NOT NULL UNIQUE PRIMARY KEY, min REAL, mintime INTEGER, max REAL, maxtime INTEGER, sum REAL, count INTEGER, wsum REAL, sumtime INTEGER);
INSERT INTO `archive_day_supplyVoltage` VALUES (1487116800,NULL,NULL,NULL,NULL,0.0,0,0.0,0);
INSERT INTO `archive_day_supplyVoltage` VALUES (1487203200,NULL,NULL,NULL,NULL,0.0,0,0.0,0);
INSERT INTO `archive_day_supplyVoltage` VALUES (1487548800,NULL,NULL,NULL,NULL,0.0,0,0.0,0);
CREATE TABLE archive_day_soilTemp4 (dateTime INTEGER NOT NULL UNIQUE PRIMARY KEY, min REAL, mintime INTEGER, max REAL, maxtime INTEGER, sum REAL, count INTEGER, wsum REAL, sumtime INTEGER);
INSERT INTO `archive_day_soilTemp4` VALUES (1487116800,NULL,NULL,NULL,NULL,0.0,0,0.0,0);
INSERT INTO `archive_day_soilTemp4` VALUES (1487203200,NULL,NULL,NULL,NULL,0.0,0,0.0,0);
INSERT INTO `archive_day_soilTemp4` VALUES (1487548800,NULL,NULL,NULL,NULL,0.0,0,0.0,0);
CREATE TABLE archive_day_soilTemp3 (dateTime INTEGER NOT NULL UNIQUE PRIMARY KEY, min REAL, mintime INTEGER, max REAL, maxtime INTEGER, sum REAL, count INTEGER, wsum REAL, sumtime INTEGER);
INSERT INTO `archive_day_soilTemp3` VALUES (1487116800,NULL,NULL,NULL,NULL,0.0,0,0.0,0);
INSERT INTO `archive_day_soilTemp3` VALUES (1487203200,NULL,NULL,NULL,NULL,0.0,0,0.0,0);
INSERT INTO `archive_day_soilTemp3` VALUES (1487548800,NULL,NULL,NULL,NULL,0.0,0,0.0,0);
CREATE TABLE archive_day_soilTemp2 (dateTime INTEGER NOT NULL UNIQUE PRIMARY KEY, min REAL, mintime INTEGER, max REAL, maxtime INTEGER, sum REAL, count INTEGER, wsum REAL, sumtime INTEGER);
INSERT INTO `archive_day_soilTemp2` VALUES (1487116800,NULL,NULL,NULL,NULL,0.0,0,0.0,0);
INSERT INTO `archive_day_soilTemp2` VALUES (1487203200,NULL,NULL,NULL,NULL,0.0,0,0.0,0);
INSERT INTO `archive_day_soilTemp2` VALUES (1487548800,NULL,NULL,NULL,NULL,0.0,0,0.0,0);
CREATE TABLE archive_day_soilTemp1 (dateTime INTEGER NOT NULL UNIQUE PRIMARY KEY, min REAL, mintime INTEGER, max REAL, maxtime INTEGER, sum REAL, count INTEGER, wsum REAL, sumtime INTEGER);
INSERT INTO `archive_day_soilTemp1` VALUES (1487116800,NULL,NULL,NULL,NULL,0.0,0,0.0,0);
INSERT INTO `archive_day_soilTemp1` VALUES (1487203200,NULL,NULL,NULL,NULL,0.0,0,0.0,0);
INSERT INTO `archive_day_soilTemp1` VALUES (1487548800,NULL,NULL,NULL,NULL,0.0,0,0.0,0);
CREATE TABLE archive_day_soilMoist4 (dateTime INTEGER NOT NULL UNIQUE PRIMARY KEY, min REAL, mintime INTEGER, max REAL, maxtime INTEGER, sum REAL, count INTEGER, wsum REAL, sumtime INTEGER);
INSERT INTO `archive_day_soilMoist4` VALUES (1487116800,NULL,NULL,NULL,NULL,0.0,0,0.0,0);
INSERT INTO `archive_day_soilMoist4` VALUES (1487203200,NULL,NULL,NULL,NULL,0.0,0,0.0,0);
INSERT INTO `archive_day_soilMoist4` VALUES (1487548800,NULL,NULL,NULL,NULL,0.0,0,0.0,0);
CREATE TABLE archive_day_soilMoist3 (dateTime INTEGER NOT NULL UNIQUE PRIMARY KEY, min REAL, mintime INTEGER, max REAL, maxtime INTEGER, sum REAL, count INTEGER, wsum REAL, sumtime INTEGER);
INSERT INTO `archive_day_soilMoist3` VALUES (1487116800,NULL,NULL,NULL,NULL,0.0,0,0.0,0);
INSERT INTO `archive_day_soilMoist3` VALUES (1487203200,NULL,NULL,NULL,NULL,0.0,0,0.0,0);
INSERT INTO `archive_day_soilMoist3` VALUES (1487548800,NULL,NULL,NULL,NULL,0.0,0,0.0,0);
CREATE TABLE archive_day_soilMoist2 (dateTime INTEGER NOT NULL UNIQUE PRIMARY KEY, min REAL, mintime INTEGER, max REAL, maxtime INTEGER, sum REAL, count INTEGER, wsum REAL, sumtime INTEGER);
INSERT INTO `archive_day_soilMoist2` VALUES (1487116800,NULL,NULL,NULL,NULL,0.0,0,0.0,0);
INSERT INTO `archive_day_soilMoist2` VALUES (1487203200,NULL,NULL,NULL,NULL,0.0,0,0.0,0);
INSERT INTO `archive_day_soilMoist2` VALUES (1487548800,NULL,NULL,NULL,NULL,0.0,0,0.0,0);
CREATE TABLE archive_day_soilMoist1 (dateTime INTEGER NOT NULL UNIQUE PRIMARY KEY, min REAL, mintime INTEGER, max REAL, maxtime INTEGER, sum REAL, count INTEGER, wsum REAL, sumtime INTEGER);
INSERT INTO `archive_day_soilMoist1` VALUES (1487116800,NULL,NULL,NULL,NULL,0.0,0,0.0,0);
INSERT INTO `archive_day_soilMoist1` VALUES (1487203200,NULL,NULL,NULL,NULL,0.0,0,0.0,0);
INSERT INTO `archive_day_soilMoist1` VALUES (1487548800,NULL,NULL,NULL,NULL,0.0,0,0.0,0);
CREATE TABLE archive_day_rxCheckPercent (dateTime INTEGER NOT NULL UNIQUE PRIMARY KEY, min REAL, mintime INTEGER, max REAL, maxtime INTEGER, sum REAL, count INTEGER, wsum REAL, sumtime INTEGER);
INSERT INTO `archive_day_rxCheckPercent` VALUES (1487116800,NULL,NULL,NULL,NULL,0.0,0,0.0,0);
INSERT INTO `archive_day_rxCheckPercent` VALUES (1487203200,NULL,NULL,NULL,NULL,0.0,0,0.0,0);
INSERT INTO `archive_day_rxCheckPercent` VALUES (1487548800,NULL,NULL,NULL,NULL,0.0,0,0.0,0);
CREATE TABLE archive_day_referenceVoltage (dateTime INTEGER NOT NULL UNIQUE PRIMARY KEY, min REAL, mintime INTEGER, max REAL, maxtime INTEGER, sum REAL, count INTEGER, wsum REAL, sumtime INTEGER);
INSERT INTO `archive_day_referenceVoltage` VALUES (1487116800,NULL,NULL,NULL,NULL,0.0,0,0.0,0);
INSERT INTO `archive_day_referenceVoltage` VALUES (1487203200,NULL,NULL,NULL,NULL,0.0,0,0.0,0);
INSERT INTO `archive_day_referenceVoltage` VALUES (1487548800,NULL,NULL,NULL,NULL,0.0,0,0.0,0);
CREATE TABLE archive_day_rainRate (dateTime INTEGER NOT NULL UNIQUE PRIMARY KEY, min REAL, mintime INTEGER, max REAL, maxtime INTEGER, sum REAL, count INTEGER, wsum REAL, sumtime INTEGER);
INSERT INTO `archive_day_rainRate` VALUES (1487116800,0.0,1487181509,0.0,1487181509,0.0,26,0.0,26);
INSERT INTO `archive_day_rainRate` VALUES (1487203200,0.0,1487268232,0.0,1487268232,0.0,35,0.0,35);
INSERT INTO `archive_day_rainRate` VALUES (1487548800,0.0,1487588605,0.0,1487588605,0.0,56,0.0,56);
CREATE TABLE archive_day_rainBatteryStatus (dateTime INTEGER NOT NULL UNIQUE PRIMARY KEY, min REAL, mintime INTEGER, max REAL, maxtime INTEGER, sum REAL, count INTEGER, wsum REAL, sumtime INTEGER);
INSERT INTO `archive_day_rainBatteryStatus` VALUES (1487116800,NULL,NULL,NULL,NULL,0.0,0,0.0,0);
INSERT INTO `archive_day_rainBatteryStatus` VALUES (1487203200,NULL,NULL,NULL,NULL,0.0,0,0.0,0);
INSERT INTO `archive_day_rainBatteryStatus` VALUES (1487548800,NULL,NULL,NULL,NULL,0.0,0,0.0,0);
CREATE TABLE archive_day_rain (dateTime INTEGER NOT NULL UNIQUE PRIMARY KEY, min REAL, mintime INTEGER, max REAL, maxtime INTEGER, sum REAL, count INTEGER, wsum REAL, sumtime INTEGER);
INSERT INTO `archive_day_rain` VALUES (1487116800,0.0,1487181509,0.0,1487181509,0.0,26,0.0,26);
INSERT INTO `archive_day_rain` VALUES (1487203200,0.0,1487268232,0.0,1487268232,0.0,35,0.0,35);
INSERT INTO `archive_day_rain` VALUES (1487548800,0.0,1487588605,0.0,1487588605,0.0,56,0.0,56);
CREATE TABLE archive_day_radiation (dateTime INTEGER NOT NULL UNIQUE PRIMARY KEY, min REAL, mintime INTEGER, max REAL, maxtime INTEGER, sum REAL, count INTEGER, wsum REAL, sumtime INTEGER);
INSERT INTO `archive_day_radiation` VALUES (1487116800,0.0,1487181875,0.0457395120551651,1487181509,0.0158297524971249,26,0.0158297524971249,26);
INSERT INTO `archive_day_radiation` VALUES (1487203200,0.0,1487268232,0.0,1487268232,0.0,35,0.0,35);
INSERT INTO `archive_day_radiation` VALUES (1487548800,329.19495373698,1487605199,1000.0,1487592002,44508.9867799002,56,44508.9867799002,56);
CREATE TABLE archive_day_pressure (dateTime INTEGER NOT NULL UNIQUE PRIMARY KEY, min REAL, mintime INTEGER, max REAL, maxtime INTEGER, sum REAL, count INTEGER, wsum REAL, sumtime INTEGER);
INSERT INTO `archive_day_pressure` VALUES (1487116800,31.0656783495259,1487189100,31.0999999989671,1487181509,808.32364493689,26,808.32364493689,26);
INSERT INTO `archive_day_pressure` VALUES (1487203200,31.0588068250161,1487278800,31.0999999989671,1487268232,1088.12875970843,35,1088.12875970843,35);
INSERT INTO `archive_day_pressure` VALUES (1487548800,30.9536597091767,1487605199,31.0999999989671,1487588605,1739.12450174319,56,1739.12450174319,56);
CREATE TABLE archive_day_outTempBatteryStatus (dateTime INTEGER NOT NULL UNIQUE PRIMARY KEY, min REAL, mintime INTEGER, max REAL, maxtime INTEGER, sum REAL, count INTEGER, wsum REAL, sumtime INTEGER);
INSERT INTO `archive_day_outTempBatteryStatus` VALUES (1487116800,NULL,NULL,NULL,NULL,0.0,0,0.0,0);
INSERT INTO `archive_day_outTempBatteryStatus` VALUES (1487203200,NULL,NULL,NULL,NULL,0.0,0,0.0,0);
INSERT INTO `archive_day_outTempBatteryStatus` VALUES (1487548800,NULL,NULL,NULL,NULL,0.0,0,0.0,0);
CREATE TABLE archive_day_outTemp (dateTime INTEGER NOT NULL UNIQUE PRIMARY KEY, min REAL, mintime INTEGER, max REAL, maxtime INTEGER, sum REAL, count INTEGER, wsum REAL, sumtime INTEGER);
INSERT INTO `archive_day_outTemp` VALUES (1487116800,30.0000000826328,1487189073,32.6785829702225,1487181509,806.704552804359,26,806.704552804359,26);
INSERT INTO `archive_day_outTemp` VALUES (1487203200,30.0000000826328,1487278078,32.6785829702225,1487268232,1089.45538317297,35,1089.45538317297,35);
INSERT INTO `archive_day_outTemp` VALUES (1487548800,30.0000000826328,1487597332,33.1841390746932,1487605199,1744.37049627595,56,1744.37049627595,56);
CREATE TABLE archive_day_outHumidity (dateTime INTEGER NOT NULL UNIQUE PRIMARY KEY, min REAL, mintime INTEGER, max REAL, maxtime INTEGER, sum REAL, count INTEGER, wsum REAL, sumtime INTEGER);
INSERT INTO `archive_day_outHumidity` VALUES (1487116800,78.9703504857778,1487189100,79.9999999690127,1487181509,2071.70934810669,26,2071.70934810669,26);
INSERT INTO `archive_day_outHumidity` VALUES (1487203200,78.7642047504838,1487278800,79.9999999690127,1487268232,2788.86279125292,35,2788.86279125292,35);
INSERT INTO `archive_day_outHumidity` VALUES (1487548800,75.6097912753007,1487605199,79.9999999690127,1487588605,4405.73505229558,56,4405.73505229558,56);
CREATE TABLE archive_day_leafWet2 (dateTime INTEGER NOT NULL UNIQUE PRIMARY KEY, min REAL, mintime INTEGER, max REAL, maxtime INTEGER, sum REAL, count INTEGER, wsum REAL, sumtime INTEGER);
INSERT INTO `archive_day_leafWet2` VALUES (1487116800,NULL,NULL,NULL,NULL,0.0,0,0.0,0);
INSERT INTO `archive_day_leafWet2` VALUES (1487203200,NULL,NULL,NULL,NULL,0.0,0,0.0,0);
INSERT INTO `archive_day_leafWet2` VALUES (1487548800,NULL,NULL,NULL,NULL,0.0,0,0.0,0);
CREATE TABLE archive_day_leafWet1 (dateTime INTEGER NOT NULL UNIQUE PRIMARY KEY, min REAL, mintime INTEGER, max REAL, maxtime INTEGER, sum REAL, count INTEGER, wsum REAL, sumtime INTEGER);
INSERT INTO `archive_day_leafWet1` VALUES (1487116800,NULL,NULL,NULL,NULL,0.0,0,0.0,0);
INSERT INTO `archive_day_leafWet1` VALUES (1487203200,NULL,NULL,NULL,NULL,0.0,0,0.0,0);
INSERT INTO `archive_day_leafWet1` VALUES (1487548800,NULL,NULL,NULL,NULL,0.0,0,0.0,0);
CREATE TABLE archive_day_leafTemp2 (dateTime INTEGER NOT NULL UNIQUE PRIMARY KEY, min REAL, mintime INTEGER, max REAL, maxtime INTEGER, sum REAL, count INTEGER, wsum REAL, sumtime INTEGER);
INSERT INTO `archive_day_leafTemp2` VALUES (1487116800,NULL,NULL,NULL,NULL,0.0,0,0.0,0);
INSERT INTO `archive_day_leafTemp2` VALUES (1487203200,NULL,NULL,NULL,NULL,0.0,0,0.0,0);
INSERT INTO `archive_day_leafTemp2` VALUES (1487548800,NULL,NULL,NULL,NULL,0.0,0,0.0,0);
CREATE TABLE archive_day_leafTemp1 (dateTime INTEGER NOT NULL UNIQUE PRIMARY KEY, min REAL, mintime INTEGER, max REAL, maxtime INTEGER, sum REAL, count INTEGER, wsum REAL, sumtime INTEGER);
INSERT INTO `archive_day_leafTemp1` VALUES (1487116800,NULL,NULL,NULL,NULL,0.0,0,0.0,0);
INSERT INTO `archive_day_leafTemp1` VALUES (1487203200,NULL,NULL,NULL,NULL,0.0,0,0.0,0);
INSERT INTO `archive_day_leafTemp1` VALUES (1487548800,NULL,NULL,NULL,NULL,0.0,0,0.0,0);
CREATE TABLE archive_day_inTempBatteryStatus (dateTime INTEGER NOT NULL UNIQUE PRIMARY KEY, min REAL, mintime INTEGER, max REAL, maxtime INTEGER, sum REAL, count INTEGER, wsum REAL, sumtime INTEGER);
INSERT INTO `archive_day_inTempBatteryStatus` VALUES (1487116800,NULL,NULL,NULL,NULL,0.0,0,0.0,0);
INSERT INTO `archive_day_inTempBatteryStatus` VALUES (1487203200,NULL,NULL,NULL,NULL,0.0,0,0.0,0);
INSERT INTO `archive_day_inTempBatteryStatus` VALUES (1487548800,NULL,NULL,NULL,NULL,0.0,0,0.0,0);
CREATE TABLE archive_day_inTemp (dateTime INTEGER NOT NULL UNIQUE PRIMARY KEY, min REAL, mintime INTEGER, max REAL, maxtime INTEGER, sum REAL, count INTEGER, wsum REAL, sumtime INTEGER);
INSERT INTO `archive_day_inTemp` VALUES (1487116800,63.0000000206582,1487181509,63.6746532525688,1487189100,1643.47011597566,26,1643.47011597566,26);
INSERT INTO `archive_day_inTemp` VALUES (1487203200,63.0000000206582,1487268232,63.8068947230249,1487278800,2212.33463028814,35,2212.33463028814,35);
INSERT INTO `archive_day_inTemp` VALUES (1487548800,63.0000000206582,1487588605,65.7126510092837,1487605199,3575.32685778058,56,3575.32685778058,56);
CREATE TABLE archive_day_inHumidity (dateTime INTEGER NOT NULL UNIQUE PRIMARY KEY, min REAL, mintime INTEGER, max REAL, maxtime INTEGER, sum REAL, count INTEGER, wsum REAL, sumtime INTEGER);
INSERT INTO `archive_day_inHumidity` VALUES (1487116800,28.6506934948624,1487189100,29.9999999586836,1487181509,769.059768048682,26,769.059768048682,26);
INSERT INTO `archive_day_inHumidity` VALUES (1487203200,28.3862105539501,1487278800,29.9999999586836,1487268232,1035.33073942372,35,1035.33073942372,35);
INSERT INTO `archive_day_inHumidity` VALUES (1487548800,24.5746979814326,1487605199,29.9999999586836,1487588605,1585.34628443884,56,1585.34628443884,56);
CREATE TABLE archive_day_heatingVoltage (dateTime INTEGER NOT NULL UNIQUE PRIMARY KEY, min REAL, mintime INTEGER, max REAL, maxtime INTEGER, sum REAL, count INTEGER, wsum REAL, sumtime INTEGER);
INSERT INTO `archive_day_heatingVoltage` VALUES (1487116800,NULL,NULL,NULL,NULL,0.0,0,0.0,0);
INSERT INTO `archive_day_heatingVoltage` VALUES (1487203200,NULL,NULL,NULL,NULL,0.0,0,0.0,0);
INSERT INTO `archive_day_heatingVoltage` VALUES (1487548800,NULL,NULL,NULL,NULL,0.0,0,0.0,0);
CREATE TABLE archive_day_heatingTemp (dateTime INTEGER NOT NULL UNIQUE PRIMARY KEY, min REAL, mintime INTEGER, max REAL, maxtime INTEGER, sum REAL, count INTEGER, wsum REAL, sumtime INTEGER);
INSERT INTO `archive_day_heatingTemp` VALUES (1487116800,NULL,NULL,NULL,NULL,0.0,0,0.0,0);
INSERT INTO `archive_day_heatingTemp` VALUES (1487203200,NULL,NULL,NULL,NULL,0.0,0,0.0,0);
INSERT INTO `archive_day_heatingTemp` VALUES (1487548800,NULL,NULL,NULL,NULL,0.0,0,0.0,0);
CREATE TABLE archive_day_heatindex (dateTime INTEGER NOT NULL UNIQUE PRIMARY KEY, min REAL, mintime INTEGER, max REAL, maxtime INTEGER, sum REAL, count INTEGER, wsum REAL, sumtime INTEGER);
INSERT INTO `archive_day_heatindex` VALUES (1487116800,30.0000000826328,1487189073,32.6785829702225,1487181509,806.704552804359,26,806.704552804359,26);
INSERT INTO `archive_day_heatindex` VALUES (1487203200,30.0000000826328,1487278078,32.6785829702225,1487268232,1089.45538317297,35,1089.45538317297,35);
INSERT INTO `archive_day_heatindex` VALUES (1487548800,30.0000000826328,1487597332,33.1841390746932,1487605199,1744.37049627595,56,1744.37049627595,56);
CREATE TABLE archive_day_hailRate (dateTime INTEGER NOT NULL UNIQUE PRIMARY KEY, min REAL, mintime INTEGER, max REAL, maxtime INTEGER, sum REAL, count INTEGER, wsum REAL, sumtime INTEGER);
INSERT INTO `archive_day_hailRate` VALUES (1487116800,NULL,NULL,NULL,NULL,0.0,0,0.0,0);
INSERT INTO `archive_day_hailRate` VALUES (1487203200,NULL,NULL,NULL,NULL,0.0,0,0.0,0);
INSERT INTO `archive_day_hailRate` VALUES (1487548800,NULL,NULL,NULL,NULL,0.0,0,0.0,0);
CREATE TABLE archive_day_hail (dateTime INTEGER NOT NULL UNIQUE PRIMARY KEY, min REAL, mintime INTEGER, max REAL, maxtime INTEGER, sum REAL, count INTEGER, wsum REAL, sumtime INTEGER);
INSERT INTO `archive_day_hail` VALUES (1487116800,NULL,NULL,NULL,NULL,0.0,0,0.0,0);
INSERT INTO `archive_day_hail` VALUES (1487203200,NULL,NULL,NULL,NULL,0.0,0,0.0,0);
INSERT INTO `archive_day_hail` VALUES (1487548800,NULL,NULL,NULL,NULL,0.0,0,0.0,0);
CREATE TABLE archive_day_extraTemp3 (dateTime INTEGER NOT NULL UNIQUE PRIMARY KEY, min REAL, mintime INTEGER, max REAL, maxtime INTEGER, sum REAL, count INTEGER, wsum REAL, sumtime INTEGER);
INSERT INTO `archive_day_extraTemp3` VALUES (1487116800,NULL,NULL,NULL,NULL,0.0,0,0.0,0);
INSERT INTO `archive_day_extraTemp3` VALUES (1487203200,NULL,NULL,NULL,NULL,0.0,0,0.0,0);
INSERT INTO `archive_day_extraTemp3` VALUES (1487548800,NULL,NULL,NULL,NULL,0.0,0,0.0,0);
CREATE TABLE archive_day_extraTemp2 (dateTime INTEGER NOT NULL UNIQUE PRIMARY KEY, min REAL, mintime INTEGER, max REAL, maxtime INTEGER, sum REAL, count INTEGER, wsum REAL, sumtime INTEGER);
INSERT INTO `archive_day_extraTemp2` VALUES (1487116800,NULL,NULL,NULL,NULL,0.0,0,0.0,0);
INSERT INTO `archive_day_extraTemp2` VALUES (1487203200,NULL,NULL,NULL,NULL,0.0,0,0.0,0);
INSERT INTO `archive_day_extraTemp2` VALUES (1487548800,NULL,NULL,NULL,NULL,0.0,0,0.0,0);
CREATE TABLE archive_day_extraTemp1 (dateTime INTEGER NOT NULL UNIQUE PRIMARY KEY, min REAL, mintime INTEGER, max REAL, maxtime INTEGER, sum REAL, count INTEGER, wsum REAL, sumtime INTEGER);
INSERT INTO `archive_day_extraTemp1` VALUES (1487116800,NULL,NULL,NULL,NULL,0.0,0,0.0,0);
INSERT INTO `archive_day_extraTemp1` VALUES (1487203200,NULL,NULL,NULL,NULL,0.0,0,0.0,0);
INSERT INTO `archive_day_extraTemp1` VALUES (1487548800,NULL,NULL,NULL,NULL,0.0,0,0.0,0);
CREATE TABLE archive_day_extraHumid2 (dateTime INTEGER NOT NULL UNIQUE PRIMARY KEY, min REAL, mintime INTEGER, max REAL, maxtime INTEGER, sum REAL, count INTEGER, wsum REAL, sumtime INTEGER);
INSERT INTO `archive_day_extraHumid2` VALUES (1487116800,NULL,NULL,NULL,NULL,0.0,0,0.0,0);
INSERT INTO `archive_day_extraHumid2` VALUES (1487203200,NULL,NULL,NULL,NULL,0.0,0,0.0,0);
INSERT INTO `archive_day_extraHumid2` VALUES (1487548800,NULL,NULL,NULL,NULL,0.0,0,0.0,0);
CREATE TABLE archive_day_extraHumid1 (dateTime INTEGER NOT NULL UNIQUE PRIMARY KEY, min REAL, mintime INTEGER, max REAL, maxtime INTEGER, sum REAL, count INTEGER, wsum REAL, sumtime INTEGER);
INSERT INTO `archive_day_extraHumid1` VALUES (1487116800,NULL,NULL,NULL,NULL,0.0,0,0.0,0);
INSERT INTO `archive_day_extraHumid1` VALUES (1487203200,NULL,NULL,NULL,NULL,0.0,0,0.0,0);
INSERT INTO `archive_day_extraHumid1` VALUES (1487548800,NULL,NULL,NULL,NULL,0.0,0,0.0,0);
CREATE TABLE archive_day_dewpoint (dateTime INTEGER NOT NULL UNIQUE PRIMARY KEY, min REAL, mintime INTEGER, max REAL, maxtime INTEGER, sum REAL, count INTEGER, wsum REAL, sumtime INTEGER);
INSERT INTO `archive_day_dewpoint` VALUES (1487116800,24.2831192632547,1487189100,27.2035609939458,1487181509,662.950462010907,26,662.950462010907,26);
INSERT INTO `archive_day_dewpoint` VALUES (1487203200,24.2474139277975,1487278800,27.2035609939458,1487268232,895.856987290594,35,895.856987290594,35);
INSERT INTO `archive_day_dewpoint` VALUES (1487548800,24.2452621660816,1487598272,27.2035609939458,1487588605,1417.25723640021,56,1417.25723640021,56);
CREATE TABLE archive_day_consBatteryVoltage (dateTime INTEGER NOT NULL UNIQUE PRIMARY KEY, min REAL, mintime INTEGER, max REAL, maxtime INTEGER, sum REAL, count INTEGER, wsum REAL, sumtime INTEGER);
INSERT INTO `archive_day_consBatteryVoltage` VALUES (1487116800,NULL,NULL,NULL,NULL,0.0,0,0.0,0);
INSERT INTO `archive_day_consBatteryVoltage` VALUES (1487203200,NULL,NULL,NULL,NULL,0.0,0,0.0,0);
INSERT INTO `archive_day_consBatteryVoltage` VALUES (1487548800,NULL,NULL,NULL,NULL,0.0,0,0.0,0);
CREATE TABLE archive_day_barometer (dateTime INTEGER NOT NULL UNIQUE PRIMARY KEY, min REAL, mintime INTEGER, max REAL, maxtime INTEGER, sum REAL, count INTEGER, wsum REAL, sumtime INTEGER);
INSERT INTO `archive_day_barometer` VALUES (1487116800,31.0656783495259,1487189100,31.0999999989671,1487181509,808.32364493689,26,808.32364493689,26);
INSERT INTO `archive_day_barometer` VALUES (1487203200,31.0588068250161,1487278800,31.0999999989671,1487268232,1088.12875970843,35,1088.12875970843,35);
INSERT INTO `archive_day_barometer` VALUES (1487548800,30.9536597091767,1487605199,31.0999999989671,1487588605,1739.12450174319,56,1739.12450174319,56);
CREATE TABLE archive_day_altimeter (dateTime INTEGER NOT NULL UNIQUE PRIMARY KEY, min REAL, mintime INTEGER, max REAL, maxtime INTEGER, sum REAL, count INTEGER, wsum REAL, sumtime INTEGER);
INSERT INTO `archive_day_altimeter` VALUES (1487116800,31.0824312282698,1487189100,31.116775791959,1487181509,808.759631058823,26,808.759631058823,26);
INSERT INTO `archive_day_altimeter` VALUES (1487203200,31.0755551155281,1487278800,31.116775791959,1487268232,1088.71566461871,35,1088.71566461871,35);
INSERT INTO `archive_day_altimeter` VALUES (1487548800,30.9703377670641,1487605199,31.116775791959,1487588605,1740.06229315473,56,1740.06229315473,56);
CREATE TABLE archive_day__metadata (name CHAR(20) NOT NULL UNIQUE PRIMARY KEY, value TEXT);
INSERT INTO `archive_day__metadata` VALUES ('Version','1.0');
INSERT INTO `archive_day__metadata` VALUES ('lastUpdate','1487605200');
CREATE TABLE archive_day_UV (dateTime INTEGER NOT NULL UNIQUE PRIMARY KEY, min REAL, mintime INTEGER, max REAL, maxtime INTEGER, sum REAL, count INTEGER, wsum REAL, sumtime INTEGER);
INSERT INTO `archive_day_UV` VALUES (1487116800,0.0,1487181875,0.000640353168772312,1487181509,0.000221616534959749,26,0.000221616534959749,26);
INSERT INTO `archive_day_UV` VALUES (1487203200,0.0,1487268232,0.0,1487268232,0.0,35,0.0,35);
INSERT INTO `archive_day_UV` VALUES (1487548800,4.60872935231772,1487605199,14.0,1487592002,623.125814918602,56,623.125814918602,56);
CREATE TABLE archive_day_ET (dateTime INTEGER NOT NULL UNIQUE PRIMARY KEY, min REAL, mintime INTEGER, max REAL, maxtime INTEGER, sum REAL, count INTEGER, wsum REAL, sumtime INTEGER);
INSERT INTO `archive_day_ET` VALUES (1487116800,0.000102095525375583,1487189100,0.000106572979903007,1487182200,0.00260755556154903,25,0.00260755556154903,25);
INSERT INTO `archive_day_ET` VALUES (1487203200,0.000102068935222793,1487278500,0.000106560894524812,1487268600,0.0035450072226296,34,0.0035450072226296,34);
INSERT INTO `archive_day_ET` VALUES (1487548800,0.000375216195439782,1487605200,0.000726111127262441,1487593500,0.0341181566659056,55,0.0341181566659056,55);
CREATE TABLE archive (`dateTime` INTEGER NOT NULL UNIQUE PRIMARY KEY, `usUnits` INTEGER NOT NULL, `interval` INTEGER NOT NULL, `barometer` REAL, `pressure` REAL, `altimeter` REAL, `inTemp` REAL, `outTemp` REAL, `inHumidity` REAL, `outHumidity` REAL, `windSpeed` REAL, `windDir` REAL, `windGust` REAL, `windGustDir` REAL, `rainRate` REAL, `rain` REAL, `dewpoint` REAL, `windchill` REAL, `heatindex` REAL, `ET` REAL, `radiation` REAL, `UV` REAL, `extraTemp1` REAL, `extraTemp2` REAL, `extraTemp3` REAL, `soilTemp1` REAL, `soilTemp2` REAL, `soilTemp3` REAL, `soilTemp4` REAL, `leafTemp1` REAL, `leafTemp2` REAL, `extraHumid1` REAL, `extraHumid2` REAL, `soilMoist1` REAL, `soilMoist2` REAL, `soilMoist3` REAL, `soilMoist4` REAL, `leafWet1` REAL, `leafWet2` REAL, `rxCheckPercent` REAL, `txBatteryStatus` REAL, `consBatteryVoltage` REAL, `hail` REAL, `hailRate` REAL, `heatingTemp` REAL, `heatingVoltage` REAL, `supplyVoltage` REAL, `referenceVoltage` REAL, `windBatteryStatus` REAL, `rainBatteryStatus` REAL, `outTempBatteryStatus` REAL, `inTempBatteryStatus` REAL);
INSERT INTO `archive` VALUES (1487181600,1,5,31.0999981149411,31.0999981149411,31.1167739066754,63.0000377011132,32.6459887024518,29.9999245977737,79.9999434482344,9.42529427084927e-06,359.999389389801,3.30262194996322e-05,359.999009213415,0.0,0.0,27.1717771054506,32.6459887024518,32.6459887024518,NULL,0.0158297524971249,0.000221616534959749,NULL,NULL,NULL,NULL,NULL,NULL,NULL,NULL,NULL,NULL,NULL,NULL,NULL,NULL,NULL,NULL,NULL,NULL,NULL,NULL,NULL,NULL,NULL,NULL,NULL,NULL,NULL,NULL,NULL,NULL);
INSERT INTO `archive` VALUES (1487181900,1,5,31.0999998337016,31.0999998337016,31.1167756265832,63.0000033259681,32.6695041669486,29.9999933480639,79.9999950110471,8.31492142371427e-07,359.999946268049,2.73307844889104e-06,359.999918007647,0.0,0.0,27.1947111864725,32.6695041669486,32.6695041669486,0.000106549910716656,0.0,0.0,NULL,NULL,NULL,NULL,NULL,NULL,NULL,NULL,NULL,NULL,NULL,NULL,NULL,NULL,NULL,NULL,NULL,NULL,NULL,NULL,NULL,NULL,NULL,NULL,NULL,NULL,NULL,NULL,NULL,NULL);
INSERT INTO `archive` VALUES (1487182200,1,5,31.0999742149733,31.0999742149733,31.1167499907529,63.0005156895578,32.5522028269937,29.9989686208845,79.9992264492003,0.000128925133285477,359.992338311497,0.00042217203585615,359.987334838924,0.0,0.0,27.0801549016029,32.5522028269937,32.5522028269937,0.000106572979903007,0.0,0.0,NULL,NULL,NULL,NULL,NULL,NULL,NULL,NULL,NULL,NULL,NULL,NULL,NULL,NULL,NULL,NULL,NULL,NULL,NULL,NULL,NULL,NULL,NULL,NULL,NULL,NULL,NULL,NULL,NULL,NULL);
INSERT INTO `archive` VALUES (1487182500,1,5,31.099844320627,31.099844320627,31.1166200096939,63.0031133150167,32.3431056310859,29.9937733699666,79.9953296188093,0.000778396865112866,359.968499437212,0.00155550075721678,359.953334977283,0.0,0.0,26.8751858516742,32.3431056310859,32.3431056310859,0.00010646486444979,0.0,0.0,NULL,NULL,NULL,NULL,NULL,NULL,NULL,NULL,NULL,NULL,NULL,NULL,NULL,NULL,NULL,NULL,NULL,NULL,NULL,NULL,NULL,NULL,NULL,NULL,NULL,NULL,NULL,NULL,NULL,NULL);
INSERT INTO `archive` VALUES (1487182800,1,5,31.0995954548052,31.0995954548052,31.1163709777384,63.0080891879072,32.1424121606036,29.9838216241857,79.987863644156,0.00202272597399978,359.923648088814,0.00340258438774388,359.897922468368,0.0,0.0,26.6773288773931,32.1424121606036,32.1424121606036,0.000106226890705429,0.0,0.0,NULL,NULL,NULL,NULL,NULL,NULL,NULL,NULL,NULL,NULL,NULL,NULL,NULL,NULL,NULL,NULL,NULL,NULL,NULL,NULL,NULL,NULL,NULL,NULL,NULL,NULL,NULL,NULL,NULL,NULL);
INSERT INTO `archive` VALUES (1487183100,1,5,31.0992276471205,31.0992276471205,31.1160029245183,63.0154409399833,31.9502179347691,29.9691181200335,79.9768294136166,0.00386176439722596,359.857426696079,0.00596320314295973,359.821103905711,0.0,0.0,26.4866800990264,31.9502179347691,31.9502179347691,0.000106000478916624,0.0,0.0,NULL,NULL,NULL,NULL,NULL,NULL,NULL,NULL,NULL,NULL,NULL,NULL,NULL,NULL,NULL,NULL,NULL,NULL,NULL,NULL,NULL,NULL,NULL,NULL,NULL,NULL,NULL,NULL,NULL,NULL);
INSERT INTO `archive` VALUES (1487183400,1,5,31.0987409413385,31.0987409413385,31.1155158938277,63.0251650722091,31.7666144276247,29.9496698555819,79.9622282401543,0.00629529330760995,359.769813438002,0.00923705233483751,359.722888429955,0.0,0.0,26.3033314259773,31.7666144276247,31.7666144276247,0.000105785715948414,0.0,0.0,NULL,NULL,NULL,NULL,NULL,NULL,NULL,NULL,NULL,NULL,NULL,NULL,NULL,NULL,NULL,NULL,NULL,NULL,NULL,NULL,NULL,NULL,NULL,NULL,NULL,NULL,NULL,NULL,NULL,NULL);
INSERT INTO `archive` VALUES (1487183700,1,5,31.0981353953721,31.0981353953721,31.1149099436178,63.0372569564244,31.5916890244959,29.9254860871512,79.9440618611627,0.00932302313954748,359.660812592968,0.0132237424080639,359.603287727758,0.0,0.0,26.1273705099531,31.5916890244959,31.5916890244959,0.000105582705818376,0.0,0.0,NULL,NULL,NULL,NULL,NULL,NULL,NULL,NULL,NULL,NULL,NULL,NULL,NULL,NULL,NULL,NULL,NULL,NULL,NULL,NULL,NULL,NULL,NULL,NULL,NULL,NULL,NULL,NULL,NULL,NULL);
INSERT INTO `archive` VALUES (1487184000,1,5,31.0974110812753,31.0974110812753,31.1141851459896,63.0517108375472,31.4255249804007,29.8965783249057,79.9223324382592,0.0129445936234667,359.530435223928,0.0179227989863877,359.462316030408,0.0,0.0,25.9588807003458,31.4255249804007,31.4255249804007,0.000105391557515562,0.0,0.0,NULL,NULL,NULL,NULL,NULL,NULL,NULL,NULL,NULL,NULL,NULL,NULL,NULL,NULL,NULL,NULL,NULL,NULL,NULL,NULL,NULL,NULL,NULL,NULL,NULL,NULL,NULL,NULL,NULL,NULL);
INSERT INTO `archive` VALUES (1487184300,1,5,31.0965680852343,31.0965680852343,31.1133415871857,63.0685198363128,31.2682013804247,29.8629603273744,79.8970425570278,0.0171595738286969,359.37869609775,0.0233336629290681,359.299990112128,0.0,0.0,25.7979410018475,31.2682013804247,31.2682013804247,0.000105212380917524,0.0,0.0,NULL,NULL,NULL,NULL,NULL,NULL,NULL,NULL,NULL,NULL,NULL,NULL,NULL,NULL,NULL,NULL,NULL,NULL,NULL,NULL,NULL,NULL,NULL,NULL,NULL,NULL,NULL,NULL,NULL,NULL);
INSERT INTO `archive` VALUES (1487184600,1,5,31.0956065075571,31.0956065075571,31.1123793675801,63.0876759525484,31.1197931020807,29.8246480949033,79.8681952267115,0.0219674622147447,359.205612929081,0.0294556903974064,359.116329288078,0.0,0.0,25.6446260343228,31.1197931020807,31.1197931020807,0.000105045285137596,0.0,0.0,NULL,NULL,NULL,NULL,NULL,NULL,NULL,NULL,NULL,NULL,NULL,NULL,NULL,NULL,NULL,NULL,NULL,NULL,NULL,NULL,NULL,NULL,NULL,NULL,NULL,NULL,NULL,NULL,NULL,NULL);
INSERT INTO `archive` VALUES (1487184900,1,5,31.0945264626618,31.0945264626618,31.1112986016657,63.1091700689799,30.9803707796716,29.7816598620403,79.8357938798542,0.0273676866909724,359.011206139618,0.0362881529313563,358.911355412059,0.0,0.0,25.4990059949562,30.9803707796716,30.9803707796716,0.000104890377756495,0.0,0.0,NULL,NULL,NULL,NULL,NULL,NULL,NULL,NULL,NULL,NULL,NULL,NULL,NULL,NULL,NULL,NULL,NULL,NULL,NULL,NULL,NULL,NULL,NULL,NULL,NULL,NULL,NULL,NULL,NULL,NULL);
INSERT INTO `archive` VALUES (1487185200,1,5,31.0933280790631,31.0933280790631,31.1100994180415,63.1329919555721,30.8500007706717,29.7340160888558,79.799842371892,0.0333596046846712,358.795498765985,0.0438302375362021,358.685092873914,0.0,0.0,25.3611466226961,30.8500007706717,30.8500007706717,0.000104753209251213,0.0,0.0,NULL,NULL,NULL,NULL,NULL,NULL,NULL,NULL,NULL,NULL,NULL,NULL,NULL,NULL,NULL,NULL,NULL,NULL,NULL,NULL,NULL,NULL,NULL,NULL,NULL,NULL,NULL,NULL,NULL,NULL);
INSERT INTO `archive` VALUES (1487185500,1,5,31.0920114993565,31.0920114993565,31.1087819593964,63.1591302743972,30.7287451241445,29.6817394512056,79.7603449806949,0.039942503217521,358.558516418752,0.0520810467792998,358.437568596621,0.0,0.0,25.2311091650105,30.7287451241445,30.7287451241445,0.000104498355089456,0.0,0.0,NULL,NULL,NULL,NULL,NULL,NULL,NULL,NULL,NULL,NULL,NULL,NULL,NULL,NULL,NULL,NULL,NULL,NULL,NULL,NULL,NULL,NULL,NULL,NULL,NULL,NULL,NULL,NULL,NULL,NULL);
INSERT INTO `archive` VALUES (1487185800,1,5,31.0905768802019,31.0905768802019,31.107346382493,63.1875725850311,30.6166615512105,29.6248548299379,79.7173064060574,0.0471155989904271,358.300287261445,0.0610395988968584,358.168812033094,0.0,0.0,25.1089503469732,30.6166615512105,30.6166615512105,0.000104154689522024,0.0,0.0,NULL,NULL,NULL,NULL,NULL,NULL,NULL,NULL,NULL,NULL,NULL,NULL,NULL,NULL,NULL,NULL,NULL,NULL,NULL,NULL,NULL,NULL,NULL,NULL,NULL,NULL,NULL,NULL,NULL,NULL);
INSERT INTO `archive` VALUES (1487186100,1,5,31.0890243923047,31.0890243923047,31.1057928581485,63.2183053504743,30.5138033975801,29.5633892990515,79.6707317691397,0.0548780384767258,358.020841998111,0.0707048279107667,357.878855162677,0.0,0.0,24.9947223426947,30.5138033975801,30.5138033975801,0.000103836427105303,0.0,0.0,NULL,NULL,NULL,NULL,NULL,NULL,NULL,NULL,NULL,NULL,NULL,NULL,NULL,NULL,NULL,NULL,NULL,NULL,NULL,NULL,NULL,NULL,NULL,NULL,NULL,NULL,NULL,NULL,NULL,NULL);
INSERT INTO `archive` VALUES (1487186400,1,5,31.0873542203953,31.0873542203953,31.1041215712146,63.2513139435949,30.4202196181636,29.4973721128101,79.6206266118576,0.0632288980237448,357.720213864773,0.0810755837554256,357.567732487337,0.0,0.0,24.8884727491128,30.4202196181636,30.4202196181636,0.000103543745449864,0.0,0.0,NULL,NULL,NULL,NULL,NULL,NULL,NULL,NULL,NULL,NULL,NULL,NULL,NULL,NULL,NULL,NULL,NULL,NULL,NULL,NULL,NULL,NULL,NULL,NULL,NULL,NULL,NULL,NULL,NULL,NULL);
INSERT INTO `archive` VALUES (1487186700,1,5,31.0855665632075,31.0855665632075,31.1023327205552,63.2865826540905,30.3359547537714,29.4268346918191,79.5669968962237,0.0721671839627093,357.398438622701,0.0921506324146,357.235481027562,0.0,0.0,24.7902445621566,30.3359547537714,30.3359547537714,0.000103276833131016,0.0,0.0,NULL,NULL,NULL,NULL,NULL,NULL,NULL,NULL,NULL,NULL,NULL,NULL,NULL,NULL,NULL,NULL,NULL,NULL,NULL,NULL,NULL,NULL,NULL,NULL,NULL,NULL,NULL,NULL,NULL,NULL);
INSERT INTO `archive` VALUES (1487187000,1,5,31.0836616334546,31.0836616334546,31.1004265190231,63.3240946959648,30.2610489099154,29.3518106080704,79.5098490036381,0.081691832726978,357.05555455251,0.103928656068254,356.882140317952,0.0,0.0,24.7000761552953,30.2610489099154,30.2610489099154,0.000103035889731191,0.0,0.0,NULL,NULL,NULL,NULL,NULL,NULL,NULL,NULL,NULL,NULL,NULL,NULL,NULL,NULL,NULL,NULL,NULL,NULL,NULL,NULL,NULL,NULL,NULL,NULL,NULL,NULL,NULL,NULL,NULL,NULL);
INSERT INTO `archive` VALUES (1487187300,1,5,31.0816396578043,31.0816396578043,31.0984031934345,63.3638322155177,30.1955377377202,29.2723355689645,79.4491897341284,0.0918017109785972,356.6916024486,0.116408253249356,356.507752402519,0.0,0.0,24.6180012604831,30.1955377377202,30.1955377377202,0.000102821125897785,0.0,0.0,NULL,NULL,NULL,NULL,NULL,NULL,NULL,NULL,NULL,NULL,NULL,NULL,NULL,NULL,NULL,NULL,NULL,NULL,NULL,NULL,NULL,NULL,NULL,NULL,NULL,NULL,NULL,NULL,NULL,NULL);
INSERT INTO `archive` VALUES (1487187600,1,5,31.0795008768514,31.0795008768514,31.0962629845421,63.405776299842,30.1394524169558,29.1884474003159,79.3850263055411,0.102495615743157,356.306625613659,0.129587939010642,356.112361829681,0.0,0.0,24.5440489515104,30.1394524169558,30.1394524169558,0.000102632763415768,0.0,0.0,NULL,NULL,NULL,NULL,NULL,NULL,NULL,NULL,NULL,NULL,NULL,NULL,NULL,NULL,NULL,NULL,NULL,NULL,NULL,NULL,NULL,NULL,NULL,NULL,NULL,NULL,NULL,NULL,NULL,NULL);
INSERT INTO `archive` VALUES (1487187900,1,5,31.0772455450894,31.0772455450894,31.0940061470061,63.4499069858253,30.0928196411973,29.1001860283494,79.3173663526824,0.113772274552932,355.900669853096,0.143466145101306,355.696015646961,0.0,0.0,24.4782436297705,30.0928196411973,30.0928196411973,0.000102471035294325,0.0,0.0,NULL,NULL,NULL,NULL,NULL,NULL,NULL,NULL,NULL,NULL,NULL,NULL,NULL,NULL,NULL,NULL,NULL,NULL,NULL,NULL,NULL,NULL,NULL,NULL,NULL,NULL,NULL,NULL,NULL,NULL);
INSERT INTO `archive` VALUES (1487188200,1,5,31.0748739308803,31.0748739308803,31.0916329493645,63.4962032696511,30.0556616051203,29.0075934606978,79.2462179264102,0.125630345598295,355.473783469306,0.158041220153611,355.258763395392,0.0,0.0,24.4206050124477,30.0556616051203,30.0556616051203,0.000102336185866704,0.0,0.0,NULL,NULL,NULL,NULL,NULL,NULL,NULL,NULL,NULL,NULL,NULL,NULL,NULL,NULL,NULL,NULL,NULL,NULL,NULL,NULL,NULL,NULL,NULL,NULL,NULL,NULL,NULL,NULL,NULL,NULL);
INSERT INTO `archive` VALUES (1487188500,1,5,31.0723863164225,31.0723863164225,31.0891436740007,63.5446431167958,30.0279959939375,28.9107137664085,79.1715894926758,0.138068417887375,355.026017255732,0.17331142987938,354.800657103619,0.0,0.0,24.3711481231352,30.0279959939375,30.0279959939375,0.000102228470902422,0.0,0.0,NULL,NULL,NULL,NULL,NULL,NULL,NULL,NULL,NULL,NULL,NULL,NULL,NULL,NULL,NULL,NULL,NULL,NULL,NULL,NULL,NULL,NULL,NULL,NULL,NULL,NULL,NULL,NULL,NULL,NULL);
INSERT INTO `archive` VALUES (1487188800,1,5,31.0697829977172,31.0697829977172,31.08653861711,63.5952034725155,30.0098359749816,28.8095930549691,79.0934899315163,0.151085011413954,354.557424490693,0.189274957276361,354.321751281709,0.0,0.0,24.3298832848875,30.0098359749816,30.0098359749816,0.000102148157730904,0.0,0.0,NULL,NULL,NULL,NULL,NULL,NULL,NULL,NULL,NULL,NULL,NULL,NULL,NULL,NULL,NULL,NULL,NULL,NULL,NULL,NULL,NULL,NULL,NULL,NULL,NULL,NULL,NULL,NULL,NULL,NULL);
INSERT INTO `archive` VALUES (1487189100,1,5,31.0670642845333,31.0670642845333,31.0838180886645,63.6478602728193,30.0011901914378,28.7042794543614,79.0119285359986,0.164678577333573,354.068060930943,0.205929902844437,353.822102914667,0.0,0.0,24.2968161157107,30.0011901914378,30.0011901914378,0.000102095525375583,0.0,0.0,NULL,NULL,NULL,NULL,NULL,NULL,NULL,NULL,NULL,NULL,NULL,NULL,NULL,NULL,NULL,NULL,NULL,NULL,NULL,NULL,NULL,NULL,NULL,NULL,NULL,NULL,NULL,NULL,NULL,NULL);
INSERT INTO `archive` VALUES (1487268300,1,5,31.0999989206099,31.0999989206099,31.116774712882,63.0000215877816,32.6541140432511,29.9999568244369,79.9999676182962,5.39695062665554e-06,359.999650426381,1.87472984825021e-05,359.999437581046,0.0,0.0,27.1797034874108,32.6541140432511,32.6541140432511,NULL,0.0,0.0,NULL,NULL,NULL,NULL,NULL,NULL,NULL,NULL,NULL,NULL,NULL,NULL,NULL,NULL,NULL,NULL,NULL,NULL,NULL,NULL,NULL,NULL,NULL,NULL,NULL,NULL,NULL,NULL,NULL,NULL);
INSERT INTO `archive` VALUES (1487268600,1,5,31.099963047309,31.099963047309,31.1167388156334,63.0007390336233,32.5220734947181,29.9985219327535,79.9988914192707,0.00018476345487474,359.990162216116,0.000539325639037358,359.983820230829,0.0,0.0,27.0506889475424,32.5220734947181,32.5220734947181,0.000106560894524812,0.0,0.0,NULL,NULL,NULL,NULL,NULL,NULL,NULL,NULL,NULL,NULL,NULL,NULL,NULL,NULL,NULL,NULL,NULL,NULL,NULL,NULL,NULL,NULL,NULL,NULL,NULL,NULL,NULL,NULL,NULL,NULL);
INSERT INTO `archive` VALUES (1487268900,1,5,31.099816297403,31.099816297403,31.1165919677627,63.0036736788337,32.3141608680076,29.9926526423327,79.9944889220909,0.000918512984848137,359.963441434152,0.00177377980343874,359.946786605897,0.0,0.0,26.8467214404041,32.3141608680076,32.3141608680076,0.000106410721609956,0.0,0.0,NULL,NULL,NULL,NULL,NULL,NULL,NULL,NULL,NULL,NULL,NULL,NULL,NULL,NULL,NULL,NULL,NULL,NULL,NULL,NULL,NULL,NULL,NULL,NULL,NULL,NULL,NULL,NULL,NULL,NULL);
INSERT INTO `archive` VALUES (1487269200,1,5,31.0995505793561,31.0995505793561,31.116326072332,63.0089863047728,32.1146657428622,29.9820273904544,79.9865173806832,0.00224710321946398,359.915567093606,0.00372196290398374,359.88834111288,0.0,0.0,26.6498798801431,32.1146657428622,32.1146657428622,0.000106175521323866,0.0,0.0,NULL,NULL,NULL,NULL,NULL,NULL,NULL,NULL,NULL,NULL,NULL,NULL,NULL,NULL,NULL,NULL,NULL,NULL,NULL,NULL,NULL,NULL,NULL,NULL,NULL,NULL,NULL,NULL,NULL,NULL);
INSERT INTO `archive` VALUES (1487269500,1,5,31.0991659247861,31.0991659247861,31.1159411609801,63.0166743829185,31.9236830681566,29.9666512341631,79.9749777435813,0.00417037606977074,359.846315429544,0.00638364312636686,359.808490706209,0.0,0.0,26.4602597934171,31.9236830681566,31.9236830681566,0.000105951795951983,0.0,0.0,NULL,NULL,NULL,NULL,NULL,NULL,NULL,NULL,NULL,NULL,NULL,NULL,NULL,NULL,NULL,NULL,NULL,NULL,NULL,NULL,NULL,NULL,NULL,NULL,NULL,NULL,NULL,NULL,NULL,NULL);
INSERT INTO `archive` VALUES (1487269800,1,5,31.0986623794629,31.0986623794629,31.1154372795068,63.0267342541619,31.7413037413006,29.9465314916762,79.9598713838868,0.00668810268553247,359.755671780178,0.00975850375725873,359.707244887282,0.0,0.0,26.2779524892521,31.7413037413006,31.7413037413006,0.000105739683609578,0.0,0.0,NULL,NULL,NULL,NULL,NULL,NULL,NULL,NULL,NULL,NULL,NULL,NULL,NULL,NULL,NULL,NULL,NULL,NULL,NULL,NULL,NULL,NULL,NULL,NULL,NULL,NULL,NULL,NULL,NULL,NULL);
INSERT INTO `archive` VALUES (1487270100,1,5,31.0980400033035,31.0980400033035,31.1148144878683,63.0391611305491,31.5676145649761,29.9216777389017,79.9412000991052,0.00979998348245999,359.643641821327,0.0138461432219952,359.58461570334,0.0,0.0,26.1030450125222,31.5676145649761,31.5676145649761,0.000105539309128832,0.0,0.0,NULL,NULL,NULL,NULL,NULL,NULL,NULL,NULL,NULL,NULL,NULL,NULL,NULL,NULL,NULL,NULL,NULL,NULL,NULL,NULL,NULL,NULL,NULL,NULL,NULL,NULL,NULL,NULL,NULL,NULL);
INSERT INTO `archive` VALUES (1487270400,1,5,31.0972988703644,31.0972988703644,31.1140728601697,63.0539490975601,31.4026982058239,29.8921018048798,79.9189661109328,0.0135056481778581,359.510237233054,0.0186460751323558,359.440617746029,0.0,0.0,25.935620099645,31.4026982058239,31.4026982058239,0.000105350791870842,0.0,0.0,NULL,NULL,NULL,NULL,NULL,NULL,NULL,NULL,NULL,NULL,NULL,NULL,NULL,NULL,NULL,NULL,NULL,NULL,NULL,NULL,NULL,NULL,NULL,NULL,NULL,NULL,NULL,NULL,NULL,NULL);
INSERT INTO `archive` VALUES (1487271000,1,5,31.0999966936598,31.0999966936598,31.1167724844453,63.0000661266068,32.6351790311571,29.9998677467865,79.9999008097947,1.65317008749362e-05,359.998928894926,5.83117810109002e-05,359.99825064657,0.0,0.0,27.1612289422268,32.6351790311571,32.6351790311571,0.000105174247652684,0.0,0.0,NULL,NULL,NULL,NULL,NULL,NULL,NULL,NULL,NULL,NULL,NULL,NULL,NULL,NULL,NULL,NULL,NULL,NULL,NULL,NULL,NULL,NULL,NULL,NULL,NULL,NULL,NULL,NULL,NULL,NULL);
INSERT INTO `archive` VALUES (1487271300,1,5,31.0999459550376,31.0999459550376,31.1167217119519,63.001080860109,32.4850854408305,29.9978382797821,79.9983786511279,0.000270224812023219,359.986964469267,0.000703825264108282,359.978885242077,0.0,0.0,27.0144845541279,32.4850854408305,32.4850854408305,0.000105170146372613,0.0,0.0,NULL,NULL,NULL,NULL,NULL,NULL,NULL,NULL,NULL,NULL,NULL,NULL,NULL,NULL,NULL,NULL,NULL,NULL,NULL,NULL,NULL,NULL,NULL,NULL,NULL,NULL,NULL,NULL,NULL,NULL);
INSERT INTO `archive` VALUES (1487271600,1,5,31.0997783840461,31.0997783840461,31.1165540290962,63.0044317847847,32.2786388462433,29.9911364304307,79.9933515213842,0.00110807976929496,359.956603912969,0.00206319499723939,359.938104150083,0.0,0.0,26.8117570081441,32.2786388462433,32.2786388462433,0.000105167065332168,0.0,0.0,NULL,NULL,NULL,NULL,NULL,NULL,NULL,NULL,NULL,NULL,NULL,NULL,NULL,NULL,NULL,NULL,NULL,NULL,NULL,NULL,NULL,NULL,NULL,NULL,NULL,NULL,NULL,NULL,NULL,NULL);
INSERT INTO `archive` VALUES (1487271900,1,5,31.0994918494251,31.0994918494251,31.116267303195,63.0101603293717,32.0806266597795,29.9796793412565,79.9847554827521,0.0025407528746576,359.904992169962,0.00413625922900085,359.87591222313,0.0,0.0,26.6161724285519,32.0806266597795,32.0806266597795,0.000105146376485789,0.0,0.0,NULL,NULL,NULL,NULL,NULL,NULL,NULL,NULL,NULL,NULL,NULL,NULL,NULL,NULL,NULL,NULL,NULL,NULL,NULL,NULL,NULL,NULL,NULL,NULL,NULL,NULL,NULL,NULL,NULL,NULL);
INSERT INTO `archive` VALUES (1487272200,1,5,31.0990863852691,31.0990863852691,31.1158615683653,63.0182637673933,31.8911431245157,29.9634724652134,79.9725915580739,0.0045680736543387,359.831996980686,0.00692277128548113,359.792316861436,0.0,0.0,26.4278256073783,31.8911431245157,31.8911431245157,0.000105148236693165,0.0,0.0,NULL,NULL,NULL,NULL,NULL,NULL,NULL,NULL,NULL,NULL,NULL,NULL,NULL,NULL,NULL,NULL,NULL,NULL,NULL,NULL,NULL,NULL,NULL,NULL,NULL,NULL,NULL,NULL,NULL,NULL);
INSERT INTO `archive` VALUES (1487272500,1,5,31.0985620398245,31.0985620398245,31.1153368728849,63.0287382420516,31.7102784243523,29.9425235158968,79.9568611947354,0.00718980087743935,359.737610085787,0.0104223995996104,359.687328012012,0.0,0.0,26.2468071107185,31.7102784243523,31.7102784243523,0.000105151118020775,0.0,0.0,NULL,NULL,NULL,NULL,NULL,NULL,NULL,NULL,NULL,NULL,NULL,NULL,NULL,NULL,NULL,NULL,NULL,NULL,NULL,NULL,NULL,NULL,NULL,NULL,NULL,NULL,NULL,NULL,NULL,NULL);
INSERT INTO `archive` VALUES (1487272800,1,5,31.0979188754831,31.0979188754831,31.1146932791865,63.041578768064,31.5381186410909,29.9168424638719,79.9375662644922,0.0104056225846381,359.621838609405,0.014634727750618,359.560958167481,0.0,0.0,26.0732032326018,31.5381186410909,31.5381186410909,0.000105155019817447,0.0,0.0,NULL,NULL,NULL,NULL,NULL,NULL,NULL,NULL,NULL,NULL,NULL,NULL,NULL,NULL,NULL,NULL,NULL,NULL,NULL,NULL,NULL,NULL,NULL,NULL,NULL,NULL,NULL,NULL,NULL,NULL);
INSERT INTO `archive` VALUES (1487273100,1,5,31.0971569687749,31.0971569687749,31.1139308638504,63.0567792340357,31.3747457134641,29.8864415319286,79.9147090632481,0.0142151561253108,359.484694938586,0.0195592545135774,359.413222364593,0.0,0.0,25.9070959510777,31.3747457134641,31.3747457134641,0.000105159941201623,0.0,0.0,NULL,NULL,NULL,NULL,NULL,NULL,NULL,NULL,NULL,NULL,NULL,NULL,NULL,NULL,NULL,NULL,NULL,NULL,NULL,NULL,NULL,NULL,NULL,NULL,NULL,NULL,NULL,NULL,NULL,NULL);
INSERT INTO `archive` VALUES (1487273400,1,5,31.0962764103594,31.0962764103594,31.1130497175954,63.074332405368,31.2202373981374,29.8513351892639,79.8882923107816,0.0186179482030629,359.326194817678,0.0251953939190512,359.244138182428,0.0,0.0,25.7485628865435,31.2202373981374,31.2202373981374,0.000105134323012545,0.0,0.0,NULL,NULL,NULL,NULL,NULL,NULL,NULL,NULL,NULL,NULL,NULL,NULL,NULL,NULL,NULL,NULL,NULL,NULL,NULL,NULL,NULL,NULL,NULL,NULL,NULL,NULL,NULL,NULL,NULL,NULL);
INSERT INTO `archive` VALUES (1487273700,1,5,31.0952773050141,31.0952773050141,31.1120499452677,63.0942299277022,31.0746672327006,29.8115401445957,79.858319150422,0.0236134749296661,359.146356834241,0.0315424753228122,359.053725740316,0.0,0.0,25.5976772623351,31.0746672327006,31.0746672327006,0.000104967173443617,0.0,0.0,NULL,NULL,NULL,NULL,NULL,NULL,NULL,NULL,NULL,NULL,NULL,NULL,NULL,NULL,NULL,NULL,NULL,NULL,NULL,NULL,NULL,NULL,NULL,NULL,NULL,NULL,NULL,NULL,NULL,NULL);
INSERT INTO `archive` VALUES (1487274000,1,5,31.0941597716225,31.0941597716225,31.1109316658288,63.1164623308951,30.9381045006685,29.7670753382099,79.8247931486756,0.0292011418873968,358.945202244569,0.0385997434856478,358.842007695431,0.0,0.0,25.4545078675999,30.9381045006685,30.9381045006685,0.000104811712877853,0.0,0.0,NULL,NULL,NULL,NULL,NULL,NULL,NULL,NULL,NULL,NULL,NULL,NULL,NULL,NULL,NULL,NULL,NULL,NULL,NULL,NULL,NULL,NULL,NULL,NULL,NULL,NULL,NULL,NULL,NULL,NULL);
INSERT INTO `archive` VALUES (1487274300,1,5,31.09292394316,31.09292394316,31.1096950123411,63.141019033527,30.8106141985053,29.7179619329461,79.7877182948014,0.0353802841997654,358.722754903502,0.046366358663219,358.609009240103,0.0,0.0,25.3191190224706,30.8106141985053,30.8106141985053,0.000104674053679541,0.0,0.0,NULL,NULL,NULL,NULL,NULL,NULL,NULL,NULL,NULL,NULL,NULL,NULL,NULL,NULL,NULL,NULL,NULL,NULL,NULL,NULL,NULL,NULL,NULL,NULL,NULL,NULL,NULL,NULL,NULL,NULL);
INSERT INTO `archive` VALUES (1487274600,1,5,31.0915699666779,31.0915699666779,31.1083401319523,63.1678883479374,30.6922570046899,29.6642233041253,79.7470990003362,0.04215016661063,358.47904123177,0.0548413967059904,358.35475809882,0.0,0.0,25.1915705455574,30.6922570046899,30.6922570046899,0.000104386789516921,0.0,0.0,NULL,NULL,NULL,NULL,NULL,NULL,NULL,NULL,NULL,NULL,NULL,NULL,NULL,NULL,NULL,NULL,NULL,NULL,NULL,NULL,NULL,NULL,NULL,NULL,NULL,NULL,NULL,NULL,NULL,NULL);
INSERT INTO `archive` VALUES (1487274900,1,5,31.0900980032857,31.0900980032857,31.1068671858776,63.1970574857878,30.5830892508365,29.6058850284243,79.7029400985699,0.0495099835716844,358.2140901985,0.0640238491691871,358.079284524924,0.0,0.0,25.0719177237749,30.5830892508365,30.5830892508365,0.000104051149728482,0.0,0.0,NULL,NULL,NULL,NULL,NULL,NULL,NULL,NULL,NULL,NULL,NULL,NULL,NULL,NULL,NULL,NULL,NULL,NULL,NULL,NULL,NULL,NULL,NULL,NULL,NULL,NULL,NULL,NULL,NULL,NULL);
INSERT INTO `archive` VALUES (1487275200,1,5,31.0885082281324,31.0885082281324,31.1052763493807,63.2285125641486,30.4831628948833,29.5429748717027,79.6552468439702,0.0574588593383109,357.927933310343,0.0739126234327925,357.782621297016,0.0,0.0,24.9602112845189,30.4831628948833,30.4831628948833,0.000103740968149702,0.0,0.0,NULL,NULL,NULL,NULL,NULL,NULL,NULL,NULL,NULL,NULL,NULL,NULL,NULL,NULL,NULL,NULL,NULL,NULL,NULL,NULL,NULL,NULL,NULL,NULL,NULL,NULL,NULL,NULL,NULL,NULL);
INSERT INTO `archive` VALUES (1487275500,1,5,31.0868008303852,31.0868008303852,31.103567811753,63.262238612106,30.3925254963637,29.4755227757881,79.6040249115573,0.0659958480737842,357.620604603656,0.0845065428315612,357.464803715053,0.0,0.0,24.856497370207,30.3925254963637,30.3925254963637,0.000103456425859699,0.0,0.0,NULL,NULL,NULL,NULL,NULL,NULL,NULL,NULL,NULL,NULL,NULL,NULL,NULL,NULL,NULL,NULL,NULL,NULL,NULL,NULL,NULL,NULL,NULL,NULL,NULL,NULL,NULL,NULL,NULL,NULL);
INSERT INTO `archive` VALUES (1487275800,1,5,31.0849760132076,31.0849760132076,31.1017417762909,63.2982195778876,30.3112201937707,29.4035608442247,79.5492803962291,0.0751199339618171,357.292140638119,0.0958043467950258,357.125869596149,0.0,0.0,24.7608175151968,30.3112201937707,30.3112201937707,0.000103197714914037,0.0,0.0,NULL,NULL,NULL,NULL,NULL,NULL,NULL,NULL,NULL,NULL,NULL,NULL,NULL,NULL,NULL,NULL,NULL,NULL,NULL,NULL,NULL,NULL,NULL,NULL,NULL,NULL,NULL,NULL,NULL,NULL);
INSERT INTO `archive` VALUES (1487276100,1,5,31.0830339937345,31.0830339937345,31.0997984602716,63.3364383365027,30.2392856840247,29.3271233269946,79.4910198120354,0.0848300313274329,356.942580490972,0.107804690997497,356.765859270075,0.0,0.0,24.6732086250917,30.2392856840247,30.2392856840247,0.000102965038392079,0.0,0.0,NULL,NULL,NULL,NULL,NULL,NULL,NULL,NULL,NULL,NULL,NULL,NULL,NULL,NULL,NULL,NULL,NULL,NULL,NULL,NULL,NULL,NULL,NULL,NULL,NULL,NULL,NULL,NULL,NULL,NULL);
INSERT INTO `archive` VALUES (1487276400,1,5,31.0809750030468,31.0809750030468,31.0977380949277,63.3768766978919,30.1767562040564,29.2462466042162,79.4292500914031,0.0951249847661488,356.571965751504,0.120506147518022,356.384815574459,0.0,0.0,24.5937029584477,30.1767562040564,30.1767562040564,0.000102758610459583,0.0,0.0,NULL,NULL,NULL,NULL,NULL,NULL,NULL,NULL,NULL,NULL,NULL,NULL,NULL,NULL,NULL,NULL,NULL,NULL,NULL,NULL,NULL,NULL,NULL,NULL,NULL,NULL,NULL,NULL,NULL,NULL);
INSERT INTO `archive` VALUES (1487276700,1,5,31.0787992861437,31.0787992861437,31.0955609254191,63.4195154155855,30.1236615145117,29.1609691688292,79.3639785843112,0.106003569281458,356.180340515539,0.133907205010292,355.982783849691,0.0,0.0,24.5223281108879,30.1236615145117,30.1236615145117,0.000102578656445835,0.0,0.0,NULL,NULL,NULL,NULL,NULL,NULL,NULL,NULL,NULL,NULL,NULL,NULL,NULL,NULL,NULL,NULL,NULL,NULL,NULL,NULL,NULL,NULL,NULL,NULL,NULL,NULL,NULL,NULL,NULL,NULL);
INSERT INTO `archive` VALUES (1487277000,1,5,31.0765071019139,31.0765071019139,31.0932672108039,63.4643341958629,30.0800268855872,29.0713316082742,79.2952130574165,0.117464490430593,355.767751379828,0.148006268882481,355.559811933526,0.0,0.0,24.4591070016355,30.0800268855872,30.0800268855872,0.000102425412934565,0.0,0.0,NULL,NULL,NULL,NULL,NULL,NULL,NULL,NULL,NULL,NULL,NULL,NULL,NULL,NULL,NULL,NULL,NULL,NULL,NULL,NULL,NULL,NULL,NULL,NULL,NULL,NULL,NULL,NULL,NULL,NULL);
INSERT INTO `archive` VALUES (1487277300,1,5,31.0740987231043,31.0740987231043,31.0908572240081,63.5113117074123,30.045873085003,28.9773765851754,79.2229616931287,0.129506384478548,355.33424743625,0.162801661486982,355.115950155391,0.0,0.0,24.4040578624703,30.045873085003,30.045873085003,0.000102299127867806,0.0,0.0,NULL,NULL,NULL,NULL,NULL,NULL,NULL,NULL,NULL,NULL,NULL,NULL,NULL,NULL,NULL,NULL,NULL,NULL,NULL,NULL,NULL,NULL,NULL,NULL,NULL,NULL,NULL,NULL,NULL,NULL);
INSERT INTO `archive` VALUES (1487277600,1,5,31.0715744362879,31.0715744362879,31.0883312517925,63.5604255914824,30.0212163681185,28.8791488170352,79.1472330886378,0.142127818560356,354.879880265807,0.178291622320035,354.651251330399,0.0,0.0,24.3571942291178,30.0212163681185,30.0212163681185,0.000102200060661819,0.0,0.0,NULL,NULL,NULL,NULL,NULL,NULL,NULL,NULL,NULL,NULL,NULL,NULL,NULL,NULL,NULL,NULL,NULL,NULL,NULL,NULL,NULL,NULL,NULL,NULL,NULL,NULL,NULL,NULL,NULL,NULL);
INSERT INTO `archive` VALUES (1487277900,1,5,31.0689345418297,31.0689345418297,31.085689594719,63.6116524725245,30.0060684701955,28.7766950549511,79.0680362548906,0.155327290851578,354.404703932364,0.194474308231205,354.165770753064,0.0,0.0,24.3185249350725,30.0060684701955,30.0060684701955,0.000102128482334151,0.0,0.0,NULL,NULL,NULL,NULL,NULL,NULL,NULL,NULL,NULL,NULL,NULL,NULL,NULL,NULL,NULL,NULL,NULL,NULL,NULL,NULL,NULL,NULL,NULL,NULL,NULL,NULL,NULL,NULL,NULL,NULL);
INSERT INTO `archive` VALUES (1487278200,1,5,31.0661793538506,31.0661793538506,31.0829325671146,63.6649679693175,30.000436600813,28.670064061365,78.985380615518,0.16910323074701,353.90877497613,0.211347793642697,353.659566190719,0.0,0.0,24.2880541078614,30.000436600813,30.000436600813,0.000102084675640848,0.0,0.0,NULL,NULL,NULL,NULL,NULL,NULL,NULL,NULL,NULL,NULL,NULL,NULL,NULL,NULL,NULL,NULL,NULL,NULL,NULL,NULL,NULL,NULL,NULL,NULL,NULL,NULL,NULL,NULL,NULL,NULL);
INSERT INTO `archive` VALUES (1487278500,1,5,31.0633092001905,31.0633092001905,31.0800604970341,63.7203467065726,30.0043234404358,28.5593065868549,78.8992760057146,0.183453999047569,353.392152406869,0.228910070778491,353.132697876645,0.0,0.0,24.26578116775,30.0043234404358,30.0043234404358,0.000102068935222793,0.0,0.0,NULL,NULL,NULL,NULL,NULL,NULL,NULL,NULL,NULL,NULL,NULL,NULL,NULL,NULL,NULL,NULL,NULL,NULL,NULL,NULL,NULL,NULL,NULL,NULL,NULL,NULL,NULL,NULL,NULL,NULL);
INSERT INTO `archive` VALUES (1487278800,1,5,31.0603244223689,31.0603244223689,31.0770737262211,63.77776232701,30.0177271391387,28.4444753459799,78.8097326710679,0.198377888155339,352.854897696835,0.247159049903236,352.585228502903,0.0,0.0,24.2517008288916,30.0177271391387,30.0177271391387,0.00010207704189159,0.0,0.0,NULL,NULL,NULL,NULL,NULL,NULL,NULL,NULL,NULL,NULL,NULL,NULL,NULL,NULL,NULL,NULL,NULL,NULL,NULL,NULL,NULL,NULL,NULL,NULL,NULL,NULL,NULL,NULL,NULL,NULL);
INSERT INTO `archive` VALUES (1487588700,1,5,31.0999979056051,31.0999979056051,31.1167736971996,63.0000418878199,32.6441851760208,29.9999162243603,79.9999371681518,1.0471974693866e-05,359.999321564941,3.67446866551546e-05,359.9988976594,0.0,0.0,27.17001746293,32.6441851760208,32.6441851760208,NULL,941.819768666504,13.1854767613311,NULL,NULL,NULL,NULL,NULL,NULL,NULL,NULL,NULL,NULL,NULL,NULL,NULL,NULL,NULL,NULL,NULL,NULL,NULL,NULL,NULL,NULL,NULL,NULL,NULL,NULL,NULL,NULL,NULL,NULL);
INSERT INTO `archive` VALUES (1487589000,1,5,31.0999545486741,31.0999545486741,31.1167303113252,63.0009089976333,32.5026669921358,29.9981820047334,79.998636460223,0.000227256629505083,359.988560838284,0.00062276551016538,359.981317034695,0.0,0.0,27.0316978693023,32.5026669921358,32.5026669921358,0.000704584167152424,948.368631174978,13.2771608364497,NULL,NULL,NULL,NULL,NULL,NULL,NULL,NULL,NULL,NULL,NULL,NULL,NULL,NULL,NULL,NULL,NULL,NULL,NULL,NULL,NULL,NULL,NULL,NULL,NULL,NULL,NULL,NULL,NULL,NULL);
INSERT INTO `archive` VALUES (1487589300,1,5,31.0999961317582,31.0999961317582,31.1167719221686,63.0000773645659,32.6315819361657,29.9998452708683,79.9998839527472,1.93412087910576e-05,359.998746838963,6.83268367307477e-05,359.997950194898,0.0,0.0,27.1577180590697,32.6315819361657,32.6315819361657,0.000705771604566743,960.010691787352,13.4401496850229,NULL,NULL,NULL,NULL,NULL,NULL,NULL,NULL,NULL,NULL,NULL,NULL,NULL,NULL,NULL,NULL,NULL,NULL,NULL,NULL,NULL,NULL,NULL,NULL,NULL,NULL,NULL,NULL,NULL,NULL);
INSERT INTO `archive` VALUES (1487589600,1,5,31.0999422862234,31.0999422862234,31.1167180406885,63.001154231566,32.4780690268809,29.997691536868,79.9982685867006,0.000288568883222062,359.986287436645,0.00073763723706044,359.977870882888,0.0,0.0,27.0076129221091,32.4780690268809,32.4780690268809,0.000708927508112905,965.914237786928,13.522799329017,NULL,NULL,NULL,NULL,NULL,NULL,NULL,NULL,NULL,NULL,NULL,NULL,NULL,NULL,NULL,NULL,NULL,NULL,NULL,NULL,NULL,NULL,NULL,NULL,NULL,NULL,NULL,NULL,NULL,NULL);
INSERT INTO `archive` VALUES (1487589900,1,5,31.0997707493778,31.0997707493778,31.1165463893312,63.0045844422162,32.2719020183468,29.9908311155677,79.9931224813332,0.00114625311112862,359.955227558787,0.00212079986413904,359.936376004076,0.0,0.0,26.8051219035421,32.2719020183468,32.2719020183468,0.000711281644293859,973.380738233539,13.6273303352696,NULL,NULL,NULL,NULL,NULL,NULL,NULL,NULL,NULL,NULL,NULL,NULL,NULL,NULL,NULL,NULL,NULL,NULL,NULL,NULL,NULL,NULL,NULL,NULL,NULL,NULL,NULL,NULL,NULL,NULL);
INSERT INTO `archive` VALUES (1487590200,1,5,31.0999989963565,31.0999989963565,31.1167747886792,63.0000200728513,32.6550178153511,29.9999598542973,79.9999698906958,5.01821736336254e-06,359.999674968291,1.74086490565273e-05,359.999477740528,0.0,0.0,27.1805850033499,32.6550178153511,32.6550178153511,0.000712417279015417,982.290986269551,13.7520738077737,NULL,NULL,NULL,NULL,NULL,NULL,NULL,NULL,NULL,NULL,NULL,NULL,NULL,NULL,NULL,NULL,NULL,NULL,NULL,NULL,NULL,NULL,NULL,NULL,NULL,NULL,NULL,NULL,NULL,NULL);
INSERT INTO `archive` VALUES (1487590500,1,5,31.0999637703345,31.0999637703345,31.1167395391416,63.0007245737863,32.5238411895914,29.9985508524274,79.9989131100349,0.000181148327509773,359.990300005413,0.000532037646186367,359.984038870614,0.0,0.0,27.052418338125,32.5238411895914,32.5238411895914,0.000715063258835433,985.606577332478,13.7984920826547,NULL,NULL,NULL,NULL,NULL,NULL,NULL,NULL,NULL,NULL,NULL,NULL,NULL,NULL,NULL,NULL,NULL,NULL,NULL,NULL,NULL,NULL,NULL,NULL,NULL,NULL,NULL,NULL,NULL,NULL);
INSERT INTO `archive` VALUES (1487590800,1,5,31.0998180119227,31.0998180119227,31.1165936834269,63.00363939505,32.315858827252,29.9927212099001,79.9945403576811,0.000909940386484243,359.963750770698,0.00176054333435971,359.947183699969,0.0,0.0,26.8483918612012,32.315858827252,32.315858827252,0.000717202353414729,990.332454112557,13.8646543575758,NULL,NULL,NULL,NULL,NULL,NULL,NULL,NULL,NULL,NULL,NULL,NULL,NULL,NULL,NULL,NULL,NULL,NULL,NULL,NULL,NULL,NULL,NULL,NULL,NULL,NULL,NULL,NULL,NULL,NULL);
INSERT INTO `archive` VALUES (1487591100,1,5,31.099553285166,31.099553285166,31.1163287799482,63.0089322133596,32.116293158341,29.9821355732808,79.9865985549791,0.00223357417015464,359.916054325364,0.00370277953368436,359.888916613989,0.0,0.0,26.6514905175146,32.116293158341,32.116293158341,0.000719173682065518,994.124955197559,13.9177493727658,NULL,NULL,NULL,NULL,NULL,NULL,NULL,NULL,NULL,NULL,NULL,NULL,NULL,NULL,NULL,NULL,NULL,NULL,NULL,NULL,NULL,NULL,NULL,NULL,NULL,NULL,NULL,NULL,NULL,NULL);
INSERT INTO `archive` VALUES (1487591400,1,5,31.0991696215641,31.0991696215641,31.115944860226,63.0166005096204,31.9252391653084,29.9667989807592,79.9750886469239,0.00415189217933752,359.84698091857,0.00635851513747721,359.809244545876,0.0,0.0,26.4618098686684,31.9252391653084,31.9252391653084,0.000719965043008629,996.976861346114,13.9576760588456,NULL,NULL,NULL,NULL,NULL,NULL,NULL,NULL,NULL,NULL,NULL,NULL,NULL,NULL,NULL,NULL,NULL,NULL,NULL,NULL,NULL,NULL,NULL,NULL,NULL,NULL,NULL,NULL,NULL,NULL);
INSERT INTO `archive` VALUES (1487591700,1,5,31.0986670667693,31.0986670667693,31.1154419699423,63.0266406341386,31.7427877795072,29.9467187317229,79.9600120030798,0.0066646661533735,359.756515524191,0.00972743413975863,359.708176975807,0.0,0.0,26.2794412590309,31.7427877795072,31.7427877795072,0.00072032847829119,998.882743792781,13.9843584130989,NULL,NULL,NULL,NULL,NULL,NULL,NULL,NULL,NULL,NULL,NULL,NULL,NULL,NULL,NULL,NULL,NULL,NULL,NULL,NULL,NULL,NULL,NULL,NULL,NULL,NULL,NULL,NULL,NULL,NULL);
INSERT INTO `archive` VALUES (1487592000,1,5,31.0980456805806,31.0980456805806,31.1148201689353,63.0390478083586,31.5690258379158,29.9219043832827,79.9413704174162,0.00977159709728821,359.644663742045,0.0138091356728562,359.585725929814,0.0,0.0,26.1044717691968,31.5690258379158,31.5690258379158,0.000720539210271442,999.838974581995,13.9977456441479,NULL,NULL,NULL,NULL,NULL,NULL,NULL,NULL,NULL,NULL,NULL,NULL,NULL,NULL,NULL,NULL,NULL,NULL,NULL,NULL,NULL,NULL,NULL,NULL,NULL,NULL,NULL,NULL,NULL,NULL);
INSERT INTO `archive` VALUES (1487592300,1,5,31.0973055369365,31.0973055369365,31.1140795311922,63.0538161271377,31.4040360418072,29.8923677457246,79.9191661080958,0.0134723153173695,359.511437217102,0.0186031340551089,359.441905978347,0.0,0.0,25.9369841716646,31.4040360418072,31.4040360418072,0.000722655038936526,999.843733474102,13.9978122686374,NULL,NULL,NULL,NULL,NULL,NULL,NULL,NULL,NULL,NULL,NULL,NULL,NULL,NULL,NULL,NULL,NULL,NULL,NULL,NULL,NULL,NULL,NULL,NULL,NULL,NULL,NULL,NULL,NULL,NULL);
INSERT INTO `archive` VALUES (1487592600,1,5,31.096446723907,31.096446723907,31.1132201448404,63.0709385615557,31.2478969173888,29.8581228768884,79.893401717209,0.0177663804651576,359.35685113453,0.0241088588486473,359.276734234541,0.0,0.0,25.7770568887518,31.2478969173888,31.2478969173888,0.000724411668725399,998.897011410281,13.9845581597439,NULL,NULL,NULL,NULL,NULL,NULL,NULL,NULL,NULL,NULL,NULL,NULL,NULL,NULL,NULL,NULL,NULL,NULL,NULL,NULL,NULL,NULL,NULL,NULL,NULL,NULL,NULL,NULL,NULL,NULL);
INSERT INTO `archive` VALUES (1487592900,1,5,31.095469343682,31.095469343682,31.1122421121371,63.0904069622616,31.1006827784272,29.819186075477,79.864080310461,0.0226532815898418,359.180923578813,0.0303256549272817,359.090230352182,0.0,0.0,25.6247639527692,31.1006827784272,31.1006827784272,0.000725459136563568,997.000610529788,13.958008547417,NULL,NULL,NULL,NULL,NULL,NULL,NULL,NULL,NULL,NULL,NULL,NULL,NULL,NULL,NULL,NULL,NULL,NULL,NULL,NULL,NULL,NULL,NULL,NULL,NULL,NULL,NULL,NULL,NULL,NULL);
INSERT INTO `archive` VALUES (1487593200,1,5,31.0943735125602,31.0943735125602,31.1111455494569,63.1122120633505,30.9624636908794,29.7755758732989,79.8312053768057,0.0281324371990586,358.98367532398,0.0372527825544475,358.882416523367,0.0,0.0,25.4801749684742,30.9624636908794,30.9624636908794,0.000726072468996557,994.158140739484,13.9182139703528,NULL,NULL,NULL,NULL,NULL,NULL,NULL,NULL,NULL,NULL,NULL,NULL,NULL,NULL,NULL,NULL,NULL,NULL,NULL,NULL,NULL,NULL,NULL,NULL,NULL,NULL,NULL,NULL,NULL,NULL);
INSERT INTO `archive` VALUES (1487593500,1,5,31.0931593609344,31.0931593609344,31.1099305872782,63.1363434867757,30.8333054395453,29.7273130264485,79.7947808280315,0.0342031953280839,358.765129751593,0.0448894174712322,358.653317475863,0.0,0.0,25.3433550778211,30.8333054395453,30.8333054395453,0.000726111127262441,990.375012842169,13.8652501797904,NULL,NULL,NULL,NULL,NULL,NULL,NULL,NULL,NULL,NULL,NULL,NULL,NULL,NULL,NULL,NULL,NULL,NULL,NULL,NULL,NULL,NULL,NULL,NULL,NULL,NULL,NULL,NULL,NULL,NULL);
INSERT INTO `archive` VALUES (1487593800,1,5,31.0918270332765,31.0918270332765,31.1085973701677,63.1627897472865,30.7132694967573,29.6744205054271,79.7548109982956,0.0408648336174097,358.525312813568,0.0532346509944475,358.402960470167,0.0,0.0,25.2143649270271,30.7132694967573,30.7132694967573,0.000724571819788832,985.658428236815,13.7992179953154,NULL,NULL,NULL,NULL,NULL,NULL,NULL,NULL,NULL,NULL,NULL,NULL,NULL,NULL,NULL,NULL,NULL,NULL,NULL,NULL,NULL,NULL,NULL,NULL,NULL,NULL,NULL,NULL,NULL,NULL);
INSERT INTO `archive` VALUES (1487594100,1,5,31.0903766881203,31.0903766881203,31.1071460567628,63.191538257895,30.602412993123,29.61692348421,79.7113006436079,0.0481165593986978,358.26425301277,0.0622874901247599,358.131375296257,0.0,0.0,25.0932606359701,30.602412993123,30.602412993123,0.000722081315424193,980.017365210292,13.7202431129441,NULL,NULL,NULL,NULL,NULL,NULL,NULL,NULL,NULL,NULL,NULL,NULL,NULL,NULL,NULL,NULL,NULL,NULL,NULL,NULL,NULL,NULL,NULL,NULL,NULL,NULL,NULL,NULL,NULL,NULL);
INSERT INTO `archive` VALUES (1487594400,1,5,31.0888084980422,31.0888084980422,31.1055768197534,63.2225753358674,30.5007886903342,29.5548493282652,79.6642549412654,0.0559575097890998,357.981981391283,0.0720468576648434,357.838594270055,0.0,0.0,24.9800937699337,30.5007886903342,30.5007886903342,0.000719065047319497,973.462561846688,13.6284758658536,NULL,NULL,NULL,NULL,NULL,NULL,NULL,NULL,NULL,NULL,NULL,NULL,NULL,NULL,NULL,NULL,NULL,NULL,NULL,NULL,NULL,NULL,NULL,NULL,NULL,NULL,NULL,NULL,NULL,NULL);
INSERT INTO `archive` VALUES (1487594700,1,5,31.0871226496412,31.0871226496412,31.1038898458605,63.2558862092355,30.4084449560551,29.488227581529,79.6136794892364,0.0643867517939311,357.678531522193,0.0825115923475588,357.524652229573,0.0,0.0,24.874911313713,30.4084449560551,30.4084449560551,0.000715530100142906,966.006495586756,13.5240909382146,NULL,NULL,NULL,NULL,NULL,NULL,NULL,NULL,NULL,NULL,NULL,NULL,NULL,NULL,NULL,NULL,NULL,NULL,NULL,NULL,NULL,NULL,NULL,NULL,NULL,NULL,NULL,NULL,NULL,NULL);
INSERT INTO `archive` VALUES (1487595000,1,5,31.0853193435165,31.0853193435165,31.1020853358149,63.2914550238276,30.3254257409018,29.4170899523447,79.5595803054939,0.073403282417688,357.353939503011,0.0936804489741263,357.189586530776,0.0,0.0,24.7777556480966,30.3254257409018,30.3254257409018,0.000711484496730263,957.663359476396,13.4072870326695,NULL,NULL,NULL,NULL,NULL,NULL,NULL,NULL,NULL,NULL,NULL,NULL,NULL,NULL,NULL,NULL,NULL,NULL,NULL,NULL,NULL,NULL,NULL,NULL,NULL,NULL,NULL,NULL,NULL,NULL);
INSERT INTO `archive` VALUES (1487595300,1,5,31.0833987942433,31.0833987942433,31.1001635043326,63.3292648508145,30.2517705575245,29.341470298371,79.5019638272996,0.0830060287833943,357.008243949843,0.105552098562304,356.833437043131,0.0,0.0,24.6886645287331,30.2517705575245,30.2517705575245,0.000706937175739519,948.449035149388,13.2782864920914,NULL,NULL,NULL,NULL,NULL,NULL,NULL,NULL,NULL,NULL,NULL,NULL,NULL,NULL,NULL,NULL,NULL,NULL,NULL,NULL,NULL,NULL,NULL,NULL,NULL,NULL,NULL,NULL,NULL,NULL);
INSERT INTO `archive` VALUES (1487595600,1,5,31.0813612303479,31.0813612303479,31.0981245800895,63.3692976947662,30.1875144618013,29.2614046104676,79.4408369104385,0.0931938482602629,356.641485991844,0.118125128504506,356.456246144865,0.0,0.0,24.6076710673978,30.1875144618013,30.1875144618013,0.000701897967852939,938.381062595797,13.1373348763412,NULL,NULL,NULL,NULL,NULL,NULL,NULL,NULL,NULL,NULL,NULL,NULL,NULL,NULL,NULL,NULL,NULL,NULL,NULL,NULL,NULL,NULL,NULL,NULL,NULL,NULL,NULL,NULL,NULL,NULL);
INSERT INTO `archive` VALUES (1487595900,1,5,31.0792068942801,31.0792068942801,31.0959688056943,63.4115345022172,30.1326880361536,29.1769309955656,79.3762068284021,0.103965528599657,356.253709265725,0.131398042735905,356.058058717923,0.0,0.0,24.5348037156645,30.1326880361536,30.1326880361536,0.000696377570622167,927.478606773604,12.9847004948305,NULL,NULL,NULL,NULL,NULL,NULL,NULL,NULL,NULL,NULL,NULL,NULL,NULL,NULL,NULL,NULL,NULL,NULL,NULL,NULL,NULL,NULL,NULL,NULL,NULL,NULL,NULL,NULL,NULL,NULL);
INSERT INTO `archive` VALUES (1487596200,1,5,31.0769360423841,31.0769360423841,31.0936964376595,63.4559551707347,30.0873173749908,29.0880896585306,79.3080812715239,0.115319788079337,355.844959910159,0.145369261912442,355.638922142627,0.0,0.0,24.4700862509945,30.0873173749908,30.0873173749908,0.000690387522053613,915.762421127121,12.8206738957797,NULL,NULL,NULL,NULL,NULL,NULL,NULL,NULL,NULL,NULL,NULL,NULL,NULL,NULL,NULL,NULL,NULL,NULL,NULL,NULL,NULL,NULL,NULL,NULL,NULL,NULL,NULL,NULL,NULL,NULL);
INSERT INTO `archive` VALUES (1487596500,1,5,31.0745489448688,31.0745489448688,31.0913077463709,63.5025385584863,30.0514240722901,28.9949228830274,79.2364683460642,0.12725527565597,355.41528656003,0.160037123598751,355.198886292038,0.0,0.0,24.4135377652492,30.0514240722901,30.0514240722901,0.000683940173033166,903.254808081631,12.6455673131428,NULL,NULL,NULL,NULL,NULL,NULL,NULL,NULL,NULL,NULL,NULL,NULL,NULL,NULL,NULL,NULL,NULL,NULL,NULL,NULL,NULL,NULL,NULL,NULL,NULL,NULL,NULL,NULL,NULL,NULL);
INSERT INTO `archive` VALUES (1487596800,1,5,31.0720458857748,31.0720458857748,31.0888030160556,63.5512624943023,30.0250252113199,28.8974750113954,79.1613765732446,0.139770571125893,354.964740340461,0.175399882465972,354.738003526021,0.0,0.0,24.3651726556314,30.0250252113199,30.0250252113199,0.000677048658689745,889.979576589454,12.4597140722524,NULL,NULL,NULL,NULL,NULL,NULL,NULL,NULL,NULL,NULL,NULL,NULL,NULL,NULL,NULL,NULL,NULL,NULL,NULL,NULL,NULL,NULL,NULL,NULL,NULL,NULL,NULL,NULL,NULL,NULL);
INSERT INTO `archive` VALUES (1487597100,1,5,31.0694271629412,31.0694271629412,31.0861825447479,63.6021037882283,30.008133356508,28.7957924235434,79.0828148882354,0.152864185294102,354.493374860606,0.191455710499435,354.256328685017,0.0,0.0,24.3250006180631,30.008133356508,30.008133356508,0.000669726868797016,875.961996808248,12.2634679553155,NULL,NULL,NULL,NULL,NULL,NULL,NULL,NULL,NULL,NULL,NULL,NULL,NULL,NULL,NULL,NULL,NULL,NULL,NULL,NULL,NULL,NULL,NULL,NULL,NULL,NULL,NULL,NULL,NULL,NULL);
INSERT INTO `archive` VALUES (1487597400,1,5,31.0666930879697,31.0666930879697,31.0834466442538,63.6550382425618,30.0007565474626,28.6899235148765,79.0007926390913,0.166534560151451,354.001246207176,0.208202697216166,353.753919083515,0.0,0.0,24.2930266430011,30.0007565474626,30.0007565474626,0.00066198941731151,861.228751997834,12.0572025279697,NULL,NULL,NULL,NULL,NULL,NULL,NULL,NULL,NULL,NULL,NULL,NULL,NULL,NULL,NULL,NULL,NULL,NULL,NULL,NULL,NULL,NULL,NULL,NULL,NULL,NULL,NULL,NULL,NULL,NULL);
INSERT INTO `archive` VALUES (1487597700,1,5,31.063843986188,31.063843986188,31.0805956401143,63.7100406633695,30.0028982951452,28.5799186732611,78.9153195856398,0.180780069060039,353.488412937706,0.22563884989222,353.230834503233,0.0,0.0,24.269251013695,30.0028982951452,30.0028982951452,0.000653851611143566,845.807887727094,11.8413104281793,NULL,NULL,NULL,NULL,NULL,NULL,NULL,NULL,NULL,NULL,NULL,NULL,NULL,NULL,NULL,NULL,NULL,NULL,NULL,NULL,NULL,NULL,NULL,NULL,NULL,NULL,NULL,NULL,NULL,NULL);
INSERT INTO `archive` VALUES (1487598000,1,5,31.0608801966107,31.0608801966107,31.0776298715664,63.767084872478,30.0145575801999,28.4658302550441,78.8264058983194,0.195599016946767,352.954936073534,0.243762093799795,352.687137186006,0.0,0.0,24.2536693068884,30.0145575801999,30.0145575801999,0.000645317493544648,829.728758487628,11.6162026188268,NULL,NULL,NULL,NULL,NULL,NULL,NULL,NULL,NULL,NULL,NULL,NULL,NULL,NULL,NULL,NULL,NULL,NULL,NULL,NULL,NULL,NULL,NULL,NULL,NULL,NULL,NULL,NULL,NULL,NULL);
INSERT INTO `archive` VALUES (1487598300,1,5,31.057802071899,31.057802071899,31.0745496915026,63.8261437199333,30.0357288534385,28.3477125601335,78.7340621569699,0.210989640505029,352.400879092505,0.262570272454105,352.122891826377,0.0,0.0,24.246272395965,30.0357288534385,30.0357288534385,0.000636363499515552,813.021971815823,11.3823076054215,NULL,NULL,NULL,NULL,NULL,NULL,NULL,NULL,NULL,NULL,NULL,NULL,NULL,NULL,NULL,NULL,NULL,NULL,NULL,NULL,NULL,NULL,NULL,NULL,NULL,NULL,NULL,NULL,NULL,NULL);
INSERT INTO `archive` VALUES (1487598600,1,5,31.0546099783191,31.0546099783191,31.0713554664294,63.8871890969226,30.0664020384815,28.2256218061549,78.6382993495728,0.226950108404533,351.826307921395,0.282061147869976,351.538165563901,0.0,0.0,24.2470464565369,30.0664020384815,30.0664020384815,0.000627008836446743,795.719330029663,11.1400706204153,NULL,NULL,NULL,NULL,NULL,NULL,NULL,NULL,NULL,NULL,NULL,NULL,NULL,NULL,NULL,NULL,NULL,NULL,NULL,NULL,NULL,NULL,NULL,NULL,NULL,NULL,NULL,NULL,NULL,NULL);
INSERT INTO `archive` VALUES (1487598900,1,5,31.0513042956982,31.0513042956982,31.0680475764231,63.9501919491526,30.1065625365542,28.0996161016947,78.5391288709448,0.243478521509208,351.231290928041,0.302232400828151,350.933027975155,0.0,0.0,24.2559729744757,30.1065625365542,30.1065625365542,0.000617273471781277,777.853769691202,10.8899527756768,NULL,NULL,NULL,NULL,NULL,NULL,NULL,NULL,NULL,NULL,NULL,NULL,NULL,NULL,NULL,NULL,NULL,NULL,NULL,NULL,NULL,NULL,NULL,NULL,NULL,NULL,NULL,NULL,NULL,NULL);
INSERT INTO `archive` VALUES (1487599200,1,5,31.0478854173794,31.0478854173794,31.0646264150849,64.0151222906781,30.1561912334346,27.9697554186439,78.4365625213809,0.260572913103184,350.615898913192,0.323081631151245,350.307551065463,0.0,0.0,24.2730287563816,30.1561912334346,30.1561912334346,0.000607178083767729,759.459298909958,10.6324301847394,NULL,NULL,NULL,NULL,NULL,NULL,NULL,NULL,NULL,NULL,NULL,NULL,NULL,NULL,NULL,NULL,NULL,NULL,NULL,NULL,NULL,NULL,NULL,NULL,NULL,NULL,NULL,NULL,NULL,NULL);
INSERT INTO `archive` VALUES (1487599500,1,5,31.044353750175,31.044353750175,31.061092389494,64.0819492181728,30.2152645085507,27.8361015636543,78.3306125052512,0.27823124912481,349.980205102071,0.344606357989346,349.66180926032,0.0,0.0,24.2981859424873,30.2152645085507,30.2152645085507,0.000597098836990773,740.570932606536,10.3679930564915,NULL,NULL,NULL,NULL,NULL,NULL,NULL,NULL,NULL,NULL,NULL,NULL,NULL,NULL,NULL,NULL,NULL,NULL,NULL,NULL,NULL,NULL,NULL,NULL,NULL,NULL,NULL,NULL,NULL,NULL);
INSERT INTO `archive` VALUES (1487599800,1,5,31.0407097143183,31.0407097143183,31.0574459201593,64.1506409256389,30.2837542462232,27.6987181487222,78.2212914295479,0.296451428408689,349.324285135658,0.366804020115218,348.995879396544,0.0,0.0,24.3314120219909,30.2837542462232,30.2837542462232,0.000586823517067333,721.22462585974,10.0971447620364,NULL,NULL,NULL,NULL,NULL,NULL,NULL,NULL,NULL,NULL,NULL,NULL,NULL,NULL,NULL,NULL,NULL,NULL,NULL,NULL,NULL,NULL,NULL,NULL,NULL,NULL,NULL,NULL,NULL,NULL);
INSERT INTO `archive` VALUES (1487600100,1,5,31.0369537434129,31.0369537434129,31.0536874409691,64.2211647195438,30.3616278490461,27.5576705609125,78.1086123023859,0.315231282935692,348.648217061673,0.389671976229047,348.309840713129,0.0,0.0,24.3726698508117,30.3616278490461,30.3616278490461,0.000576237238362921,701.457205464034,9.82040087649649,NULL,NULL,NULL,NULL,NULL,NULL,NULL,NULL,NULL,NULL,NULL,NULL,NULL,NULL,NULL,NULL,NULL,NULL,NULL,NULL,NULL,NULL,NULL,NULL,NULL,NULL,NULL,NULL,NULL,NULL);
INSERT INTO `archive` VALUES (1487600400,1,5,31.0330862843818,31.0330862843818,31.0498173991397,64.293487034381,30.4488482534022,27.4130259312379,77.9925885314544,0.334568578090935,347.952081325289,0.413207505272745,347.603774841818,0.0,0.0,24.4219176717609,30.4488482534022,30.4488482534022,0.000565362427302259,681.306299827649,9.53828819758709,NULL,NULL,NULL,NULL,NULL,NULL,NULL,NULL,NULL,NULL,NULL,NULL,NULL,NULL,NULL,NULL,NULL,NULL,NULL,NULL,NULL,NULL,NULL,NULL,NULL,NULL,NULL,NULL,NULL,NULL);
INSERT INTO `archive` VALUES (1487600700,1,5,31.0291077974141,31.0291077974141,31.0458362551621,64.3675734486459,30.5453739471029,27.2648531027081,77.873233922422,0.354461012929675,347.235960759555,0.437407806753717,346.877765797389,0.0,0.0,24.4791091371183,30.5453739471029,30.5453739471029,0.0005542220233013,660.810267344765,9.25134374282671,NULL,NULL,NULL,NULL,NULL,NULL,NULL,NULL,NULL,NULL,NULL,NULL,NULL,NULL,NULL,NULL,NULL,NULL,NULL,NULL,NULL,NULL,NULL,NULL,NULL,NULL,NULL,NULL,NULL,NULL);
INSERT INTO `archive` VALUES (1487601000,1,5,31.0250187559098,31.0250187559098,31.0417444827471,64.4433887012177,30.6511589891457,27.1132225975646,77.7505626772934,0.374906220451093,346.499940575534,0.462270001078097,346.131899967657,0.0,0.0,24.5441933336053,30.6511589891457,30.6511589891457,0.000542849591505871,640.008123378132,8.96011372729385,NULL,NULL,NULL,NULL,NULL,NULL,NULL,NULL,NULL,NULL,NULL,NULL,NULL,NULL,NULL,NULL,NULL,NULL,NULL,NULL,NULL,NULL,NULL,NULL,NULL,NULL,NULL,NULL,NULL,NULL);
INSERT INTO `archive` VALUES (1487601300,1,5,31.020819646424,31.020819646424,31.0375425687692,64.5208967081423,30.7661530315801,26.9582065837155,77.6245893927203,0.395901767879955,345.74410835216,0.48779112989339,345.366266103198,0.0,0.0,24.6171148097428,30.7661530315801,30.7661530315801,0.00053130261631095,618.939465991107,8.6651525238755,NULL,NULL,NULL,NULL,NULL,NULL,NULL,NULL,NULL,NULL,NULL,NULL,NULL,NULL,NULL,NULL,NULL,NULL,NULL,NULL,NULL,NULL,NULL,NULL,NULL,NULL,NULL,NULL,NULL,NULL);
INSERT INTO `archive` VALUES (1487601600,1,5,31.0165109686088,31.0165109686088,31.0332310132084,64.6000605798061,30.8903013434697,26.7998788403877,77.4953290582635,0.417445156956078,344.968554025817,0.513968156440486,344.580955306785,0.0,0.0,24.6978136055813,30.8903013434697,30.8903013434697,0.000519602432170624,597.644400570491,8.36702160798688,NULL,NULL,NULL,NULL,NULL,NULL,NULL,NULL,NULL,NULL,NULL,NULL,NULL,NULL,NULL,NULL,NULL,NULL,NULL,NULL,NULL,NULL,NULL,NULL,NULL,NULL,NULL,NULL,NULL,NULL);
INSERT INTO `archive` VALUES (1487601900,1,5,31.0120932351537,31.0120932351537,31.028810329091,64.6808426384939,31.023544836942,26.6383147230122,77.3627970546104,0.439533824231602,344.173369879631,0.540797965915004,343.77606102255,0.0,0.0,24.78622528479,31.023544836942,31.023544836942,0.000507770594225888,576.163463483644,8.06628848877103,NULL,NULL,NULL,NULL,NULL,NULL,NULL,NULL,NULL,NULL,NULL,NULL,NULL,NULL,NULL,NULL,NULL,NULL,NULL,NULL,NULL,NULL,NULL,NULL,NULL,NULL,NULL,NULL,NULL,NULL);
INSERT INTO `archive` VALUES (1487602200,1,5,31.0075669717248,31.0075669717248,31.0242810424283,64.7632044363208,31.1658200953106,26.4735911273583,77.2270091517439,0.462165141376015,343.358650532494,0.568277365837923,342.951679024862,0.0,0.0,24.8822809690902,31.1658200953106,31.1658200953106,0.000495828844349571,554.537544915208,7.76352562881291,NULL,NULL,NULL,NULL,NULL,NULL,NULL,NULL,NULL,NULL,NULL,NULL,NULL,NULL,NULL,NULL,NULL,NULL,NULL,NULL,NULL,NULL,NULL,NULL,NULL,NULL,NULL,NULL,NULL,NULL);
INSERT INTO `archive` VALUES (1487602500,1,5,31.0029327169022,31.0029327169022,31.0196436921539,64.8471067735318,31.317059403258,26.3057864529364,77.0879815070666,0.485336415488896,342.524492927799,0.596403086435452,342.107907406936,0.0,0.0,24.9859073750164,31.317059403258,31.317059403258,0.000483799077413374,532.807811030314,7.4593093544244,NULL,NULL,NULL,NULL,NULL,NULL,NULL,NULL,NULL,NULL,NULL,NULL,NULL,NULL,NULL,NULL,NULL,NULL,NULL,NULL,NULL,NULL,NULL,NULL,NULL,NULL,NULL,NULL,NULL,NULL);
INSERT INTO `archive` VALUES (1487602800,1,5,30.9981910221159,30.9981910221159,31.0148988300601,64.9325097171584,31.4771907790648,26.1349805656831,76.9457306634779,0.509044889420346,341.670996321902,0.62517178102811,341.244846569157,0.0,0.0,25.0970268529888,31.4771907790648,31.4771907790648,0.000471703307802494,511.01562561245,7.1542187585743,NULL,NULL,NULL,NULL,NULL,NULL,NULL,NULL,NULL,NULL,NULL,NULL,NULL,NULL,NULL,NULL,NULL,NULL,NULL,NULL,NULL,NULL,NULL,NULL,NULL,NULL,NULL,NULL,NULL,NULL);
INSERT INTO `archive` VALUES (1487603100,1,5,30.9933424515802,30.9933424515802,31.0100470207317,65.019372620025,31.6461380088688,25.96125475995,76.8002735474057,0.533287742099058,340.798262272316,0.654580026428933,340.362599207132,0.0,0.0,25.2155574286783,31.6461380088688,31.6461380088688,0.000459563636200349,489.202471325146,6.84883459855204,NULL,NULL,NULL,NULL,NULL,NULL,NULL,NULL,NULL,NULL,NULL,NULL,NULL,NULL,NULL,NULL,NULL,NULL,NULL,NULL,NULL,NULL,NULL,NULL,NULL,NULL,NULL,NULL,NULL,NULL);
INSERT INTO `archive` VALUES (1487603400,1,5,30.9883875822264,30.9883875822264,31.0050888414792,65.1076541400941,31.8238206829388,25.7846917198117,76.651627466792,0.558062088868,339.906394625623,0.684624323350808,339.461270299476,0.0,0.0,25.3414128466446,31.8238206829388,31.8238206829388,0.000447402216663508,467.409870747365,6.54373819046311,NULL,NULL,NULL,NULL,NULL,NULL,NULL,NULL,NULL,NULL,NULL,NULL,NULL,NULL,NULL,NULL,NULL,NULL,NULL,NULL,NULL,NULL,NULL,NULL,NULL,NULL,NULL,NULL,NULL,NULL);
INSERT INTO `archive` VALUES (1487603700,1,5,30.9833270036345,30.9833270036345,31.0000248822697,65.1973122601438,32.0101542339451,25.6053754797125,76.4998101090341,0.583364981827657,338.995499505114,0.715301096822857,338.540967095314,0.0,0.0,25.474502616227,32.0101542339451,32.0101542339451,0.000435241224004796,445.679307332918,6.23951030266086,NULL,NULL,NULL,NULL,NULL,NULL,NULL,NULL,NULL,NULL,NULL,NULL,NULL,NULL,NULL,NULL,NULL,NULL,NULL,NULL,NULL,NULL,NULL,NULL,NULL,NULL,NULL,NULL,NULL,NULL);
INSERT INTO `archive` VALUES (1487604000,1,5,30.9781613179626,30.9781613179626,30.9948557456573,65.2883043077644,32.2050499772093,25.4233913844712,76.3448395388792,0.609193410186804,338.065685298165,0.746606696615812,337.601799101526,0.0,0.0,25.614732059666,32.2050499772093,32.2050499772093,0.000423102821500861,424.05214644435,5.9367300502209,NULL,NULL,NULL,NULL,NULL,NULL,NULL,NULL,NULL,NULL,NULL,NULL,NULL,NULL,NULL,NULL,NULL,NULL,NULL,NULL,NULL,NULL,NULL,NULL,NULL,NULL,NULL,NULL,NULL,NULL);
INSERT INTO `archive` VALUES (1487604300,1,5,30.9728911398758,30.9728911398758,30.9895820467107,65.3805869756697,32.4084151529131,25.2388260486606,76.1867341962755,0.635544300620757,337.117062643339,0.778537397676362,336.643878069709,0.0,0.0,25.7620023624321,32.4084151529131,32.4084151529131,0.000411009128939204,402.569556611619,5.63597379256267,NULL,NULL,NULL,NULL,NULL,NULL,NULL,NULL,NULL,NULL,NULL,NULL,NULL,NULL,NULL,NULL,NULL,NULL,NULL,NULL,NULL,NULL,NULL,NULL,NULL,NULL,NULL,NULL,NULL,NULL);
INSERT INTO `archive` VALUES (1487604600,1,5,30.9675170964726,30.9675170964726,30.9842044129407,65.4741163423076,32.620152970247,25.0517673153849,76.0255128941776,0.662414517637071,336.149744417216,0.811089400570399,335.667317982888,0.0,0.0,25.9162106257384,32.620152970247,32.620152970247,0.000398982191018744,381.272431165462,5.33781403631647,NULL,NULL,NULL,NULL,NULL,NULL,NULL,NULL,NULL,NULL,NULL,NULL,NULL,NULL,NULL,NULL,NULL,NULL,NULL,NULL,NULL,NULL,NULL,NULL,NULL,NULL,NULL,NULL,NULL,NULL);
INSERT INTO `archive` VALUES (1487604900,1,5,30.9620398272103,30.9620398272103,30.978723484225,65.5688478927652,32.8401626534778,24.8623042144698,75.8611948163082,0.689800863948635,335.163845720967,0.844258831935109,334.672235041947,0.0,0.0,26.0772499212114,32.8401626534778,32.8401626534778,0.000387043946117378,360.201310394615,5.04281834552461,NULL,NULL,NULL,NULL,NULL,NULL,NULL,NULL,NULL,NULL,NULL,NULL,NULL,NULL,NULL,NULL,NULL,NULL,NULL,NULL,NULL,NULL,NULL,NULL,NULL,NULL,NULL,NULL,NULL,NULL);
INSERT INTO `archive` VALUES (1487605200,1,5,30.9564599838292,30.9564599838292,30.9731399127323,65.664736539955,33.0683394899118,24.6705269200901,75.6937995148754,0.717700080854104,334.159483866656,0.878041744939861,333.658747651804,0.0,0.0,26.2450093476935,33.0683394899118,33.0683394899118,0.000375216195439782,339.396304375071,4.75154826125099,NULL,NULL,NULL,NULL,NULL,NULL,NULL,NULL,NULL,NULL,NULL,NULL,NULL,NULL,NULL,NULL,NULL,NULL,NULL,NULL,NULL,NULL,NULL,NULL,NULL,NULL,NULL,NULL,NULL,NULL);
COMMIT;
